Date,SPY,EUR/USD,BTC,GLD,ETH
2017-11-09,225.4959259033203,1.15968918800354,7143.580078125,122.12999725341795,320.8840026855469
2017-11-10,225.426025390625,1.164686679840088,6618.14013671875,121.12999725341795,299.25299072265625
2017-11-13,225.63563537597656,1.166112780570984,6559.490234375,121.30999755859376,316.71600341796875
2017-11-14,225.11163330078125,1.1664936542510986,6635.75,121.55999755859376,337.6310119628906
2017-11-15,223.98484802246097,1.1792869567871094,7315.5400390625,121.41000366210938,333.35699462890625
2017-11-17,225.2251739501953,1.177745342254639,7708.990234375,122.86000061035156,332.3940124511719
2017-11-20,225.60943603515625,1.1731857061386108,8200.6396484375,121.30999755859376,366.7300109863281
2017-11-21,227.0855712890625,1.174122333526611,8071.259765625,121.51000213623048,360.4010009765625
2017-11-22,226.8846435546875,1.173722743988037,8253.5498046875,122.62999725341795,380.6520080566406
2017-11-24,227.40870666503903,1.1853959560394287,8253.6904296875,122.31999969482422,474.9110107421875
2017-11-27,227.295166015625,1.1926485300064087,9818.349609375,122.83000183105467,480.3550109863281
2017-11-28,229.60101318359375,1.1904903650283811,10058.7998046875,122.80999755859376,472.9020080566406
2017-11-29,229.46131896972656,1.184805989265442,9888.6103515625,122.04000091552734,427.52301025390625
2017-11-30,231.47023010253903,1.18519926071167,10233.599609375,121.0999984741211,447.114013671875
2017-12-01,230.9898223876953,1.1898245811462402,10975.599609375,121.58999633789062,466.5400085449219
2017-12-04,230.7103576660156,1.1859863996505735,11657.2001953125,121.18000030517578,470.2040100097656
2017-12-05,229.8805999755859,1.1867746114730835,11916.7001953125,120.31999969482422,463.281005859375
2017-12-06,229.92417907714844,1.1832919120788574,14291.5,120.06999969482422,428.5880126953125
2017-12-07,230.64920043945312,1.1804285049438477,17899.69921875,118.48999786376952,434.4079895019531
2017-12-08,231.9069366455078,1.1772184371948242,16569.400390625,118.4800033569336,456.031005859375
2017-12-11,232.605712890625,1.176996827125549,16936.80078125,118.01000213623048,515.135986328125
2017-12-12,233.0161590576172,1.1777591705322266,17415.400390625,118.1500015258789,651.4310302734375
2017-12-13,232.9900665283203,1.1742602586746216,16408.19921875,119.16999816894533,702.7670288085938
2017-12-14,232.0379638671875,1.1835860013961792,16564.0,118.93000030517578,695.8159790039062
2017-12-15,233.9702606201172,1.1774957180023191,17706.900390625,119.18000030517578,684.447998046875
2017-12-18,235.45388793945312,1.1743566989898682,19114.19921875,119.7300033569336,794.64501953125
2017-12-19,234.54965209960935,1.1784253120422363,17776.69921875,119.81999969482422,826.822998046875
2017-12-20,234.42677307128903,1.1841325759887695,16624.599609375,120.13999938964844,819.0859985351562
2017-12-21,234.9096221923828,1.1878176927566528,15802.900390625,120.30999755859376,821.06298828125
2017-12-22,234.84815979003903,1.185733199119568,13831.7998046875,120.94000244140624,674.8599853515625
2017-12-26,234.5672149658203,1.187253713607788,16099.7998046875,121.7699966430664,773.8359985351562
2017-12-27,234.6813201904297,1.1857894659042358,15838.5,122.2300033569336,762.8419799804688
2017-12-28,235.1641845703125,1.1900794506072998,14606.5,122.8499984741211,737.0230102539062
2017-12-29,234.27749633789065,1.1941723823547363,14656.2001953125,123.6500015258789,753.5919799804688
2018-01-02,235.9542999267578,1.2011579275131226,14982.099609375,125.1500015258789,884.4439697265625
2018-01-03,237.4466552734375,1.2063454389572144,15201.0,124.81999969482422,962.719970703125
2018-01-04,238.44747924804688,1.2010425329208374,15599.2001953125,125.45999908447266,980.9219970703124
2018-01-05,240.03663635253903,1.2068840265274048,17429.5,125.33000183105467,997.719970703125
2018-01-08,240.4755859375,1.2037460803985596,15170.099609375,125.30999755859376,1148.530029296875
2018-01-09,241.0198211669922,1.1970456838607788,14595.400390625,124.7300033569336,1299.739990234375
2018-01-10,240.651123046875,1.1929330825805664,14973.2998046875,125.02999877929688,1255.8199462890625
2018-01-11,242.4069366455078,1.195614457130432,13405.7998046875,125.44000244140624,1154.9300537109375
2018-01-12,243.98712158203125,1.2042099237442017,13980.599609375,126.95999908447266,1273.199951171875
2018-01-16,243.15310668945312,1.2268433570861816,11490.5,127.16999816894533,1053.68994140625
2018-01-17,245.4707489013672,1.227129340171814,11188.599609375,126.13999938964844,1014.25
2018-01-18,245.05812072753903,1.218397855758667,11474.900390625,125.86000061035156,1036.280029296875
2018-01-19,246.1730804443359,1.2236607074737549,11607.400390625,126.41999816894533,1039.0999755859375
2018-01-22,248.17469787597656,1.2255502939224243,10931.400390625,126.6500015258789,1003.260009765625
2018-01-23,248.7014617919922,1.2256253957748413,10868.400390625,127.27999877929688,986.22900390625
2018-01-24,248.6049041748047,1.2310267686843872,11359.400390625,128.8300018310547,1058.780029296875
2018-01-25,248.7102203369141,1.239111304283142,11259.400390625,127.97000122070312,1056.030029296875
2018-01-26,251.5897979736328,1.239234209060669,11171.400390625,128.07000732421875,1055.1700439453125
2018-01-29,249.92172241210935,1.2428072690963743,11296.400390625,127.3499984741211,1182.3599853515625
2018-01-30,247.3583068847656,1.2381141185760498,10106.2998046875,126.8000030517578,1071.1300048828125
2018-01-31,247.4811248779297,1.2409565448760986,10221.099609375,127.6500015258789,1118.31005859375
2018-02-01,247.2002410888672,1.241865873336792,9170.5400390625,128.07000732421875,1036.7900390625
2018-02-02,241.81871032714844,1.2510008811950684,8830.75,126.38999938964844,915.7849731445312
2018-02-05,231.70523071289065,1.244694471359253,6955.27001953125,126.70999908447266,697.9509887695312
2018-02-06,236.27035522460935,1.2367818355560305,7754.0,125.37999725341795,793.1220092773438
2018-02-07,234.98863220214844,1.238129496574402,7621.2998046875,124.79000091552734,757.0679931640625
2018-02-08,226.17445373535156,1.2268133163452148,8265.58984375,124.9800033569336,817.8070068359375
2018-02-09,229.57196044921875,1.2260762453079224,8736.98046875,124.7699966430664,883.864990234375
2018-02-12,232.94308471679688,1.2252799272537231,8926.5703125,125.37000274658205,868.7069702148438
2018-02-13,233.52252197265625,1.2303755283355713,8598.3095703125,126.08000183105467,845.2579956054688
2018-02-14,236.67417907714844,1.235376238822937,9494.6298828125,128.22999572753906,923.5609741210938
2018-02-15,239.69418334960935,1.2467273473739624,10166.400390625,128.3800048828125,936.9760131835938
2018-02-16,239.764404296875,1.2503595352172852,10233.900390625,127.95999908447266,944.2100219726562
2018-02-20,238.26321411132812,1.2398641109466553,11403.7001953125,126.23999786376952,895.3709716796875
2018-02-21,237.07791137695312,1.233532428741455,10690.400390625,125.66000366210938,849.9710083007812
2018-02-22,237.38525390625,1.2281843423843384,10005.0,126.3000030517578,812.844970703125
2018-02-23,241.1690673828125,1.2326656579971311,10301.099609375,126.13999938964844,864.1890258789062
2018-02-26,243.9695281982422,1.228712558746338,10366.7001953125,126.4499969482422,869.3150024414062
2018-02-27,240.92323303222656,1.2315573692321775,10725.599609375,125.12999725341795,878.2650146484375
2018-02-28,238.4826812744141,1.2230321168899536,10397.900390625,125.0,855.198974609375
2018-03-01,235.01498413085935,1.2191256284713743,10951.0,124.72000122070312,872.2000122070312
2018-03-02,236.22645568847656,1.2270842790603638,11086.400390625,125.38999938964844,856.85302734375
2018-03-05,238.95669555664065,1.2315422296524048,11573.2998046875,125.18000030517578,853.6840209960938
2018-03-06,239.56246948242188,1.2336541414260864,10779.900390625,126.52999877929688,816.9509887695312
2018-03-07,239.47471618652344,1.2416653633117676,9965.5703125,125.72000122070312,752.8309936523438
2018-03-08,240.6335296630859,1.2414649724960327,9395.009765625,125.41999816894533,704.5960083007812
2018-03-09,244.8210906982422,1.2306632995605469,9337.5498046875,125.54000091552734,728.916015625
2018-03-12,244.51385498046875,1.2308752536773682,9205.1201171875,125.54000091552734,699.8309936523438
2018-03-13,242.93360900878903,1.2339584827423096,9194.849609375,125.77999877929688,690.8270263671875
2018-03-14,241.6869354248047,1.239234209060669,8269.8095703125,125.6999969482422,614.291015625
2018-03-15,241.4236602783203,1.2375624179840088,8300.8603515625,124.9000015258789,611.3040161132812
2018-03-16,241.68551635742188,1.2309207916259766,8338.349609375,124.5999984741211,601.666015625
2018-03-19,238.4153289794922,1.228078842163086,8630.650390625,124.87000274658205,556.7260131835938
2018-03-20,238.82083129882812,1.233684539794922,8913.4697265625,124.30999755859376,557.1749877929688
2018-03-21,238.36248779296875,1.2251899242401123,8929.2802734375,126.4800033569336,561.7319946289062
2018-03-22,232.40408325195312,1.234766125679016,8728.4697265625,125.9800033569336,539.7020263671875
2018-03-23,227.4504852294922,1.2324985265731812,8879.6201171875,127.61000061035156,539.6190185546875
2018-03-26,233.67335510253903,1.235437273979187,8209.400390625,128.27999877929688,489.9509887695313
2018-03-27,229.6981201171875,1.2457488775253296,7833.0400390625,127.48999786376952,450.1159973144531
2018-03-28,229.01947021484375,1.240787148475647,7954.47998046875,125.7300033569336,446.2789916992187
2018-03-29,231.94569396972656,1.2310267686843872,7165.7001953125,125.79000091552734,385.9679870605469
2018-04-02,226.93931579589844,1.231420874595642,7083.7998046875,127.26000213623048,386.4249877929687
2018-04-03,229.8479156494141,1.229271411895752,7456.10986328125,126.3000030517578,416.89300537109375
2018-04-04,232.30711364746097,1.2278525829315186,6853.83984375,126.4499969482422,380.5429992675781
2018-04-05,234.1404571533203,1.228682279586792,6811.47021484375,125.8000030517578,383.23199462890625
2018-04-06,228.92247009277344,1.2251598834991455,6636.31982421875,126.38999938964844,370.2850036621094
2018-04-09,230.05064392089844,1.227144479751587,6770.72998046875,126.81999969482422,398.5260009765625
2018-04-10,233.70860290527344,1.2322403192520142,6834.759765625,127.12000274658205,414.2430114746094
2018-04-11,232.48338317871097,1.2363078594207764,6968.31982421875,128.11000061035156,430.5400085449219
2018-04-12,234.39602661132812,1.2371643781661987,7889.25,126.62000274658205,492.9410095214844
2018-04-13,233.70860290527344,1.2329696416854858,7895.9599609375,127.4499969482422,492.7349853515625
2018-04-16,235.63006591796875,1.233258605003357,8058.669921875,127.62999725341795,511.1470031738281
2018-04-17,238.15093994140625,1.2385127544403076,7902.08984375,127.75,502.8940124511719
2018-04-18,238.3272399902344,1.237317442893982,8163.419921875,127.8499984741211,524.7890014648438
2018-04-19,237.00509643554688,1.237914800643921,8294.3095703125,127.5999984741211,567.8889770507812
2018-04-20,234.9954376220703,1.2345526218414309,8845.830078125,126.62999725341795,615.718017578125
2018-04-23,234.96023559570312,1.2273402214050293,8930.8798828125,125.62000274658205,642.5479736328125
2018-04-24,231.7959442138672,1.22089684009552,9697.5,126.2300033569336,708.1580200195312
2018-04-25,232.3688507080078,1.2241400480270386,8845.740234375,125.41000366210938,615.416015625
2018-04-26,234.7310485839844,1.2171669006347656,9281.509765625,124.97000122070312,662.8090209960938
2018-04-27,234.95138549804688,1.2109616994857788,8987.0498046875,125.5,647.031982421875
2018-04-30,233.14450073242188,1.2122827768325806,9240.5498046875,124.58999633789062,669.9240112304688
2018-05-01,233.55874633789065,1.2081234455108645,9119.009765625,123.70999908447266,673.6129760742188
2018-05-02,231.9898223876953,1.1991558074951172,9235.919921875,123.6500015258789,687.1489868164062
2018-05-03,231.4785614013672,1.19510018825531,9743.8603515625,124.27999877929688,779.5430297851562
2018-05-04,234.4753875732422,1.1989257335662842,9700.759765625,124.54000091552734,785.6240234375
2018-05-07,235.26870727539065,1.195500135421753,9373.009765625,124.56999969482422,753.7249755859375
2018-05-08,235.26870727539065,1.1933743953704834,9234.8203125,124.58999633789062,752.8569946289062
2018-05-09,237.5427703857422,1.1867886781692505,9325.1796875,124.33000183105467,752.2750244140625
2018-05-10,239.763916015625,1.184721827507019,9043.9404296875,125.18000030517578,727.2769775390625
2018-05-11,240.49554443359375,1.1917530298233032,8441.490234375,125.0,679.5859985351562
2018-05-14,240.6101226806641,1.1952143907546997,8716.7900390625,124.48999786376952,730.5490112304688
2018-05-15,238.95301818847656,1.1931180953979492,8510.3798828125,122.4800033569336,708.8709716796875
2018-05-16,239.9578094482422,1.1820889711380005,8368.830078125,122.29000091552734,707.0499877929688
2018-05-17,239.75515747070312,1.1816978454589844,8094.31982421875,122.36000061035156,672.656982421875
2018-05-18,239.15576171875,1.179523468017578,8250.9697265625,122.41000366210938,694.3670043945312
2018-05-21,240.9538726806641,1.1766643524169922,8418.990234375,122.4800033569336,699.2219848632812
2018-05-22,240.28399658203125,1.1792453527450562,8041.77978515625,122.41000366210938,647.7410278320312
2018-05-23,240.9450531005859,1.1788560152053833,7557.81982421875,122.54000091552734,583.5850219726562
2018-05-24,240.4514923095703,1.1710150241851809,7587.33984375,123.58999633789062,601.7550048828125
2018-05-25,239.8785858154297,1.1722642183303833,7480.14013671875,123.20999908447266,586.7340087890625
2018-05-29,237.11964416503903,1.162696123123169,7472.58984375,123.19000244140624,565.3880004882812
2018-05-30,240.28399658203125,1.1539349555969238,7406.52001953125,123.37000274658205,559.5900268554688
2018-05-31,238.81199645996097,1.1667250394821167,7494.169921875,123.0999984741211,577.64501953125
2018-06-01,241.1565704345703,1.1693171262741089,7541.4501953125,122.48999786376952,580.0430297851562
2018-06-04,242.3024139404297,1.1668611764907837,7514.47021484375,122.37000274658205,592.9849853515625
2018-06-05,242.4787139892578,1.1700559854507446,7633.759765625,122.8499984741211,609.302978515625
2018-06-06,244.5060272216797,1.1726216077804563,7653.97998046875,122.91999816894533,607.1240234375
2018-06-07,244.47952270507812,1.178550362586975,7678.240234375,122.86000061035156,605.18701171875
2018-06-08,245.2023162841797,1.179523468017578,7624.919921875,123.01000213623048,601.0770263671875
2018-06-11,245.5284423828125,1.1783976554870603,6906.919921875,123.2300033569336,533.2839965820312
2018-06-12,245.84571838378903,1.177412509918213,6582.35986328125,122.81999969482422,496.8429870605469
2018-06-13,245.06124877929688,1.17482590675354,6349.89990234375,123.19000244140624,477.4939880371094
2018-06-14,245.67823791503903,1.1807769536972046,6675.35009765625,123.37999725341795,519.7420043945312
2018-06-15,245.3648681640625,1.1566576957702637,6456.580078125,121.33999633789062,491.0039978027344
2018-06-18,244.86013793945312,1.159595012664795,6734.81982421875,121.11000061035156,518.8909912109375
2018-06-19,243.9216766357422,1.163074612617493,6769.93994140625,120.8000030517578,537.9569702148438
2018-06-20,244.33782958984375,1.1588560342788696,6776.5498046875,120.26000213623048,536.2680053710938
2018-06-21,242.80613708496097,1.1579033136367798,6729.740234375,120.0500030517578,527.3670043945312
2018-06-22,243.248779296875,1.1605775356292725,6083.68994140625,120.33999633789062,465.8169860839844
2018-06-25,239.93751525878903,1.1661399602890017,6249.18017578125,119.88999938964844,460.30999755859375
2018-06-26,240.46871948242188,1.1702749729156494,6093.669921875,119.26000213623048,432.7720031738281
2018-06-27,238.4765625,1.1650259494781494,6157.1298828125,118.58000183105467,442.364990234375
2018-06-28,239.8401031494141,1.1563634872436523,5903.43994140625,118.22000122070312,422.364990234375
2018-06-29,240.18540954589844,1.1562966108322144,6218.2998046875,118.6500015258789,436.0090026855469
2018-07-02,240.69886779785156,1.1678558588027954,6614.18017578125,117.45999908447266,475.3469848632813
2018-07-03,239.8489227294922,1.1642121076583862,6529.58984375,118.6500015258789,464.1950073242187
2018-07-05,241.8055725097656,1.166235089302063,6639.14013671875,119.0500030517578,474.4119873046875
2018-07-06,243.8508453369141,1.1695905923843384,6673.5,118.86000061035156,474.0119934082031
2018-07-09,246.04652404785156,1.1752262115478516,6741.75,119.1500015258789,476.6820068359375
2018-07-10,246.9319305419922,1.1756960153579712,6329.9501953125,118.93000030517578,434.4240112304687
2018-07-11,245.1257781982422,1.1727042198181152,6394.7099609375,117.63999938964844,446.51800537109375
2018-07-12,247.34811401367188,1.1676785945892334,6228.81005859375,118.12999725341795,430.0740051269531
2018-07-13,247.54290771484375,1.1665889024734497,6238.0498046875,117.61000061035156,434.0270080566406
2018-07-16,247.3215484619141,1.1679104566574097,6741.75,117.5500030517578,480.6579895019531
2018-07-17,248.3220062255859,1.170946478843689,7321.0400390625,116.27999877929688,501.00201416015625
2018-07-18,248.84434509277344,1.1653246879577637,7370.77978515625,116.30999755859376,480.5130004882813
2018-07-19,247.9058837890625,1.164564609527588,7466.85986328125,115.80999755859376,469.6189880371094
2018-07-20,247.62257385253903,1.1655147075653076,7354.1298828125,116.55999755859376,450.697998046875
2018-07-23,248.08294677734375,1.1741912364959717,7711.10986328125,116.0,450.8529968261719
2018-07-24,249.3313446044922,1.1694128513336182,8424.26953125,116.04000091552734,479.37298583984375
2018-07-25,251.45632934570312,1.1685519218444824,8181.39013671875,116.68000030517578,472.4930114746094
2018-07-26,250.8629608154297,1.1737502813339231,7951.580078125,115.7699966430664,464.0369873046875
2018-07-27,249.1630859375,1.16429340839386,8165.009765625,115.83000183105467,469.6659851074219
2018-07-30,247.8616180419922,1.16604483127594,8180.47998046875,115.6500015258789,457.08099365234375
2018-07-31,249.08346557617188,1.170740842819214,7780.43994140625,115.98999786376952,433.8670043945313
2018-08-01,248.66717529296875,1.168961763381958,7624.91015625,115.13999938964844,420.74700927734375
2018-08-02,250.02186584472656,1.1665889024734497,7567.14990234375,114.5199966430664,412.6210021972656
2018-08-03,251.09324645996097,1.1586008071899414,7434.39013671875,114.91999816894533,418.2619934082031
2018-08-06,252.0140380859375,1.1562297344207764,6951.7998046875,114.33000183105467,406.6579895019531
2018-08-07,252.8462829589844,1.1558021306991575,6753.1201171875,114.58999633789062,380.2149963378906
2018-08-08,252.74008178710935,1.1602946519851685,6305.7998046875,114.91000366210938,356.6130065917969
2018-08-09,252.39466857910156,1.1610760688781738,6568.22998046875,114.73999786376952,365.5880126953125
2018-08-10,250.7037353515625,1.1523923873901367,6184.7099609375,114.69000244140624,334.1759948730469
2018-08-13,249.7651824951172,1.1394712924957275,6297.56982421875,112.95999908447266,286.4949951171875
2018-08-14,251.35887145996097,1.1402509212493896,6199.7099609375,113.06999969482422,278.9320068359375
2018-08-15,249.4818420410156,1.134571552276611,6308.52001953125,111.19000244140624,282.364013671875
2018-08-16,251.50047302246097,1.134429931640625,6334.72998046875,111.0999984741211,288.0459899902344
2018-08-17,252.38587951660156,1.1371389627456665,6580.6298828125,112.12999725341795,315.72900390625
2018-08-20,252.9260101318359,1.1437721252441406,6308.52978515625,112.69000244140624,274.31500244140625
2018-08-21,253.5191650390625,1.149134635925293,6488.759765625,113.0199966430664,281.9440002441406
2018-08-22,253.36862182617188,1.1576753854751587,6376.7099609375,113.2699966430664,271.34100341796875
2018-08-23,253.0322723388672,1.1584800481796265,6534.8798828125,112.1999969482422,277.10400390625
2018-08-24,254.55506896972656,1.154334545135498,6719.9599609375,114.16000366210938,282.9670104980469
2018-08-27,256.5648498535156,1.164890170097351,6884.64013671875,114.58999633789062,285.6029968261719
2018-08-28,256.6887512207031,1.1683608293533323,7096.27978515625,113.68000030517578,296.4989929199219
2018-08-29,258.0699768066406,1.1691256761550903,7047.16015625,114.1999969482422,289.31201171875
2018-08-30,257.0252990722656,1.1709738969802856,6978.22998046875,113.63999938964844,284.1050109863281
2018-08-31,257.0342102050781,1.1664663553237915,7037.580078125,113.51000213623048,283.0039978027344
2018-09-04,256.59136962890625,1.161548137664795,7361.66015625,112.93000030517578,285.7229919433594
2018-09-05,255.90087890625,1.1586545705795288,6792.830078125,113.31999969482422,232.33099365234375
2018-09-06,255.1305999755859,1.1635212898254397,6529.169921875,113.54000091552734,230.21499633789065
2018-09-07,254.63462829589844,1.162006974220276,6467.06982421875,113.2300033569336,217.2030029296875
2018-09-10,255.0773773193359,1.1561094522476196,6329.7001953125,113.1500015258789,197.07899475097656
2018-09-11,255.9185333251953,1.159595012664795,6321.2001953125,113.22000122070312,185.0659942626953
2018-09-12,255.98046875,1.1596084833145142,6351.7998046875,114.16999816894533,183.33099365234375
2018-09-13,257.4945983886719,1.1629259586334229,6517.31005859375,113.76000213623048,211.35400390625
2018-09-14,257.5387878417969,1.169180393218994,6512.7099609375,113.0199966430664,211.74899291992188
2018-09-17,256.17529296875,1.1628988981246948,6281.2001953125,113.61000061035156,197.875
2018-09-18,257.56536865234375,1.1669156551361084,6371.2998046875,113.44000244140624,209.9750061035156
2018-09-19,257.83984375,1.167992353439331,6398.5400390625,113.87999725341795,209.968994140625
2018-09-20,259.9293518066406,1.167460560798645,6519.669921875,114.2699966430664,224.59100341796875
2018-09-21,259.69183349609375,1.1775927543640137,6734.9501953125,113.48999786376952,246.58399963378903
2018-09-24,258.8291015625,1.1751019954681396,6595.41015625,113.47000122070312,228.72999572753903
2018-09-25,258.5889892578125,1.175295352935791,6446.47021484375,113.6500015258789,218.5050048828125
2018-09-26,257.8152770996094,1.1763184070587158,6495.0,113.0500030517578,215.8470001220703
2018-09-27,258.5356750488281,1.1748534440994265,6676.75,112.0500030517578,228.49400329589844
2018-09-28,258.562255859375,1.1637378931045532,6644.1298828125,112.76000213623048,222.40199279785156
2018-10-01,259.4606018066406,1.1605371236801147,6589.6201171875,112.56999969482422,230.76800537109375
2018-10-02,259.3094177246094,1.157755732536316,6556.10009765625,113.87000274658205,227.18099975585935
2018-10-03,259.45172119140625,1.1551746129989624,6502.58984375,113.41999816894533,220.4889984130859
2018-10-04,257.4239501953125,1.147631287574768,6576.68994140625,113.4800033569336,222.2180023193359
2018-10-05,255.9830780029297,1.1518083810806274,6622.47998046875,113.8000030517578,227.6009979248047
2018-10-08,255.9830780029297,1.1522595882415771,6652.22998046875,112.54000091552734,229.2550048828125
2018-10-09,255.60951232910156,1.1494120359420776,6642.64013671875,112.5999984741211,227.98199462890625
2018-10-10,247.51609802246097,1.1506949663162231,6585.52978515625,112.87999725341795,225.7689971923828
2018-10-11,242.0642852783203,1.1533360481262207,6256.240234375,115.77999877929688,189.49899291992188
2018-10-12,245.42613220214844,1.1590440273284912,6274.580078125,115.2300033569336,196.7270050048828
2018-10-15,244.04750061035156,1.1551345586776731,6596.5400390625,116.0,209.70399475097656
2018-10-16,249.38389587402344,1.1583458185195925,6596.10986328125,115.8000030517578,210.1199951171875
2018-10-17,249.42837524414065,1.1575279235839844,6544.43017578125,115.79000091552734,207.08299255371097
2018-10-18,245.8262481689453,1.1500862836837769,6476.7099609375,115.91999816894533,203.3520050048828
2018-10-19,245.6928253173828,1.1460003852844238,6465.41015625,116.01000213623048,203.7270050048828
2018-10-22,244.59005737304688,1.1509466171264648,6487.16015625,115.70999908447266,204.04400634765625
2018-10-23,243.3448944091797,1.1467890739440918,6475.740234375,116.38999938964844,204.33599853515625
2018-10-24,235.971923828125,1.147315263748169,6495.83984375,116.66000366210938,203.8520050048828
2018-10-25,240.2053680419922,1.139925837516785,6476.2900390625,116.4000015258789,202.718994140625
2018-10-26,235.98081970214844,1.1377859115600586,6474.75,116.7699966430664,203.32899475097656
2018-10-29,234.67335510253903,1.1398738622665403,6332.6298828125,116.30999755859376,197.2469940185547
2018-10-30,238.15090942382812,1.137617588043213,6334.27001953125,115.8000030517578,197.55599975585935
2018-10-31,240.69454956054688,1.1346358060836792,6317.60986328125,115.1500015258789,197.38099670410156
2018-11-01,243.25599670410156,1.1316697597503662,6377.77978515625,116.62999725341795,198.8719940185547
2018-11-02,241.8152313232422,1.140328884124756,6388.43994140625,116.6500015258789,200.6349945068359
2018-11-05,243.14927673339844,1.1397570371627808,6419.66015625,116.37000274658205,209.09100341796875
2018-11-06,244.6879425048828,1.141291856765747,6461.009765625,116.04000091552734,218.45199584960935
2018-11-07,249.9263610839844,1.1438506841659546,6530.14013671875,116.02999877929688,217.18299865722656
2018-11-08,249.4728851318359,1.1434059143066406,6453.72021484375,115.77999877929688,212.2310028076172
2018-11-09,247.035888671875,1.1368415355682373,6385.6201171875,114.4800033569336,210.07400512695312
2018-11-12,242.41995239257812,1.132502794265747,6371.27001953125,113.66000366210938,210.41799926757812
2018-11-13,241.9663543701172,1.123342990875244,6359.490234375,113.6999969482422,206.8260040283203
2018-11-14,240.3120880126953,1.1311193704605105,5738.35009765625,114.63999938964844,181.39700317382812
2018-11-15,242.82015991210935,1.131183385848999,5648.02978515625,114.7699966430664,180.80599975585935
2018-11-16,243.45166015625,1.1324899196624756,5575.5498046875,115.62000274658205,175.177001953125
2018-11-19,239.33377075195312,1.141396164894104,4871.490234375,115.66999816894533,149.1750030517578
2018-11-20,234.90464782714844,1.1455016136169434,4451.8701171875,115.66999816894533,130.33900451660156
2018-11-21,235.7051239013672,1.1372424364089966,4602.169921875,115.86000061035156,136.7010040283203
2018-11-23,234.130859375,1.1403158903121948,4347.10986328125,115.7699966430664,123.2959976196289
2018-11-26,237.91079711914065,1.133735418319702,3779.1298828125,115.63999938964844,108.33499908447266
2018-11-27,238.71121215820312,1.1333370208740234,3820.719970703125,114.9499969482422,110.01000213623048
2018-11-28,244.20762634277344,1.1298797130584717,4257.419921875,115.37999725341795,122.43800354003906
2018-11-29,243.67398071289065,1.1368545293807983,4278.8466796875,115.73999786376952,117.54264831542967
2018-11-30,245.1592559814453,1.1392766237258911,4017.2685546875,115.54000091552734,113.17141723632812
2018-12-03,248.4055328369141,1.1342240571975708,3894.130859375,116.41000366210938,108.92501831054688
2018-12-04,240.3566131591797,1.135486125946045,3956.893798828125,117.12000274658205,110.21418762207033
2018-12-06,239.99197387695312,1.13490629196167,3521.101806640625,117.13999938964844,91.76105499267578
2018-12-07,234.41552734375,1.1374752521514893,3419.937255859375,118.08999633789062,93.29456329345705
2018-12-10,234.86021423339844,1.1400948762893677,3502.656005859375,117.68000030517578,91.68565368652344
2018-12-11,234.9135284423828,1.1356538534164429,3424.588134765625,117.54000091552734,88.94530487060547
2018-12-12,236.09640502929688,1.1323105096817017,3486.9501953125,117.79000091552734,90.59329986572266
2018-12-13,236.01638793945312,1.1373459100723269,3313.67724609375,117.52999877929688,86.53931427001953
2018-12-14,231.65838623046875,1.1363636255264282,3242.48486328125,117.05999755859376,84.30829620361328
2018-12-17,227.1136474609375,1.1305949687957764,3545.86474609375,117.87000274658205,95.13382720947266
2018-12-18,226.86459350585935,1.1349835395812988,3696.05908203125,118.1500015258789,101.11245727539062
2018-12-19,223.46713256835935,1.137539982795715,3745.95068359375,117.43000030517578,101.2685775756836
2018-12-20,219.82957458496097,1.138952136039734,4134.44140625,119.23999786376952,116.21687316894533
2018-12-21,215.3253631591797,1.1456853151321411,3896.543701171875,118.72000122070312,109.49623107910156
2018-12-24,209.6358184814453,1.1372811794281006,4078.59912109375,120.0199966430664,140.23800659179688
2018-12-26,220.2276306152344,1.1415525674819946,3857.297607421875,119.66000366210938,131.86563110351562
2018-12-27,221.91839599609375,1.1361312866210938,3654.83349609375,120.56999969482422,116.57591247558594
2018-12-28,221.63217163085935,1.143105387687683,3923.918701171875,121.05999755859376,137.6470184326172
2018-12-31,223.57334899902344,1.1439945697784424,3742.700439453125,121.25,133.36825561523438
2019-01-02,223.80593872070312,1.14617121219635,3943.409423828125,121.33000183105467,155.0476837158203
2019-01-03,218.46531677246097,1.1318106651306152,3836.7412109375,122.43000030517578,149.135009765625
2019-01-04,225.78298950195312,1.1391078233718872,3857.717529296875,121.44000244140624,154.58193969726562
2019-01-07,227.563232421875,1.1410444974899292,4025.248291015625,121.86000061035156,151.69921875
2019-01-08,229.70123291015625,1.1479737758636477,4030.847900390625,121.52999877929688,150.35963439941406
2019-01-09,230.7747802734375,1.1456066370010376,4035.29638671875,122.30999755859376,150.80311584472656
2019-01-10,231.58883666992188,1.1554949283599854,3678.924560546875,121.58999633789062,128.62518310546875
2019-01-11,231.6783142089844,1.151012897491455,3687.365478515625,121.8000030517578,127.54832458496094
2019-01-14,230.26480102539065,1.146013617515564,3706.05224609375,122.08999633789062,129.0687255859375
2019-01-15,232.9038543701172,1.1472889184951782,3630.67529296875,121.87999725341795,122.03271484375
2019-01-16,233.46743774414065,1.1416828632354736,3655.0068359375,122.2699966430664,123.54706573486328
2019-01-17,235.23870849609375,1.1398088932037354,3678.56396484375,122.11000061035156,123.7419204711914
2019-01-18,238.3697204589844,1.13926362991333,3657.83935546875,121.0199966430664,121.01026153564452
2019-01-22,235.14923095703125,1.136932134628296,3604.5771484375,121.4499969482422,118.74755096435548
2019-01-23,235.64126586914065,1.1364023685455322,3585.123046875,121.27999877929688,117.45260620117188
2019-01-24,235.7665100097656,1.1388224363327026,3600.865478515625,121.08999633789062,117.36288452148438
2019-01-25,237.76136779785156,1.1313496828079224,3599.765869140625,122.86000061035156,116.37834167480467
2019-01-28,235.954345703125,1.1413049697875977,3470.450439453125,123.29000091552734,106.58997344970705
2019-01-29,235.64126586914065,1.143000841140747,3448.116943359375,123.9800033569336,105.59821319580078
2019-01-30,239.3716735839844,1.1435366868972778,3486.181640625,124.69000244140624,108.90753936767578
2019-01-31,241.47390747070312,1.1487650871276855,3457.792724609375,124.75,107.0610122680664
2019-02-01,241.5902404785156,1.1449507474899292,3487.9453125,124.5,107.60978698730467
2019-02-04,243.2898712158203,1.1455278396606443,3459.154052734375,123.95999908447266,107.82160186767578
2019-02-05,244.30972290039065,1.1436283588409424,3466.357421875,124.27999877929688,107.44351959228516
2019-02-06,243.98764038085935,1.140992522239685,3413.767822265625,123.44000244140624,104.9192886352539
2019-02-07,241.6617889404297,1.1365960836410522,3399.4716796875,123.73999786376952,104.5353012084961
2019-02-08,241.95703125,1.1338768005371094,3666.7802734375,124.20999908447266,119.26774597167967
2019-02-11,242.0911865234375,1.1324259042739868,3648.4306640625,123.5999984741211,121.29839324951172
2019-02-12,245.2043304443359,1.1279042959213257,3653.528564453125,123.86000061035156,122.5722885131836
2019-02-13,246.0004425048828,1.1334655284881592,3632.070556640625,123.37000274658205,122.55360412597656
2019-02-14,245.4548187255859,1.12649405002594,3616.880859375,124.05999755859376,121.39020538330078
2019-02-15,248.12954711914065,1.1295350790023804,3620.810791015625,124.8000030517578,122.1003875732422
2019-02-19,248.5589904785156,1.131196141242981,3947.094482421875,126.6999969482422,145.34619140625
2019-02-20,249.05995178222656,1.1343011856079102,3999.820556640625,126.4800033569336,149.55433654785156
2019-02-21,248.17428588867188,1.1346358060836792,3954.1181640625,125.0500030517578,146.13084411621094
2019-02-22,249.7129364013672,1.1343011856079102,4005.526611328125,125.5,149.0924530029297
2019-02-25,250.05294799804688,1.1342240571975708,3882.6962890625,125.37000274658205,139.82286071777344
2019-02-26,249.8740997314453,1.1367511749267578,3854.35791015625,125.58000183105467,138.0896759033203
2019-02-27,249.7666015625,1.139315485954285,3851.04736328125,124.69000244140624,136.12596130371094
2019-02-28,249.30142211914065,1.1380189657211304,3854.785400390625,123.98999786376952,136.74624633789062
2019-03-01,250.8580322265625,1.1373459100723269,3859.583740234375,121.87999725341795,136.44361877441406
2019-03-04,249.9456329345703,1.1375917196273804,3761.55712890625,121.55999755859376,127.7741241455078
2019-03-05,249.6055603027344,1.133735418319702,3896.375,121.72000122070312,137.8223876953125
2019-03-06,248.09375,1.1307101249694824,3903.942626953125,121.61000061035156,138.7893524169922
2019-03-07,246.0183563232422,1.1314009428024292,3911.484375,121.51000213623048,138.0345001220703
2019-03-08,245.5263671875,1.1198333501815796,3901.131591796875,122.83999633789062,135.1270751953125
2019-03-11,249.08680725097656,1.1232421398162842,3905.227294921875,122.23999786376952,133.8340301513672
2019-03-12,250.0260467529297,1.1259232759475708,3909.15625,122.9800033569336,134.44288635253906
2019-03-13,251.68099975585935,1.1287446022033691,3906.71728515625,123.83999633789062,133.26307678222656
2019-03-14,251.51995849609375,1.133105993270874,3924.369140625,122.41000366210938,133.7115936279297
2019-03-15,252.76272583007812,1.1308379173278809,3960.9111328125,122.97000122070312,137.69178771972656
2019-03-18,253.6791229248047,1.1319772005081177,4032.50732421875,123.04000091552734,139.37460327148438
2019-03-19,253.74208068847656,1.133619785308838,4071.190185546875,123.37999725341795,140.51919555664062
2019-03-20,252.97836303710935,1.135486125946045,4087.476318359375,124.18000030517578,140.6863555908203
2019-03-21,255.83566284179688,1.1427918672561646,4029.326904296875,123.68000030517578,136.6360626220703
2019-03-22,250.91180419921875,1.1375011205673218,4023.96826171875,123.97000122070312,137.1814422607422
2019-03-25,250.7230529785156,1.129586100578308,3963.070556640625,124.91999816894533,135.03102111816406
2019-03-26,252.59194946289065,1.131580114364624,3985.080810546875,124.3000030517578,135.46035766601562
2019-03-27,251.27117919921875,1.127484679222107,4087.066162109375,123.6500015258789,140.9881591796875
2019-03-28,252.2235870361328,1.1251758337020874,4069.107177734375,121.9000015258789,139.41647338867188
2019-03-29,253.8140106201172,1.1230024099349976,4098.37451171875,122.01000213623048,142.49742126464844
2019-04-01,256.823974609375,1.1223849058151243,4158.18310546875,121.52999877929688,141.830322265625
2019-04-02,256.94970703125,1.1205737590789795,4879.8779296875,121.9800033569336,163.9617462158203
2019-04-03,257.3541259765625,1.1203854084014893,4973.02197265625,121.8000030517578,161.45880126953125
2019-04-04,258.03704833984375,1.1246949434280396,4922.798828125,122.11000061035156,158.0525360107422
2019-04-05,259.2860107421875,1.1225864887237549,5036.68115234375,121.9800033569336,165.5148468017578
2019-04-08,259.48370361328125,1.121956706047058,5289.77099609375,122.51000213623048,180.25881958007812
2019-04-09,258.1538391113281,1.1256444454193115,5204.95849609375,123.1500015258789,176.1145782470703
2019-04-10,259.0344543457031,1.126697063446045,5324.5517578125,123.52999877929688,177.3374786376953
2019-04-11,258.9624938964844,1.127650022506714,5064.48779296875,121.9499969482422,165.4970245361328
2019-04-12,260.7145690917969,1.1260753870010376,5089.5390625,121.83000183105467,164.736328125
2019-04-15,260.5439147949219,1.1305055618286133,5067.1083984375,121.5999984741211,161.5741729736328
2019-04-16,260.7145690917969,1.1304928064346311,5235.5595703125,120.51000213623048,167.62344360351562
2019-04-17,260.07672119140625,1.128502607345581,5251.93798828125,120.27999877929688,166.9507598876953
2019-04-18,260.5887756347656,1.129713773727417,5298.3857421875,120.37000274658205,173.81402587890625
2019-04-22,260.8134460449219,1.1244546175003052,5399.365234375,120.37000274658205,171.87466430664062
2019-04-23,263.1585998535156,1.1258978843688965,5572.3623046875,120.12000274658205,171.4477996826172
2019-04-24,262.57452392578125,1.122435212135315,5464.86669921875,120.47000122070312,165.8260955810547
2019-04-25,262.4127502441406,1.1153494119644165,5210.515625,120.56999969482422,154.4593963623047
2019-04-26,263.6347961425781,1.113684892654419,5279.34814453125,121.37000274658205,156.3470916748047
2019-04-29,264.0480651855469,1.1150261163711548,5247.3525390625,120.83000183105467,155.20199584960938
2019-04-30,264.1828308105469,1.1185182332992554,5350.7265625,121.1999969482422,162.16603088378906
2019-05-01,262.1971740722656,1.121604323387146,5402.697265625,120.4000015258789,160.81834411621094
2019-05-02,261.6310729980469,1.1200841665267944,5505.28369140625,119.94000244140624,162.12278747558594
2019-05-03,264.19189453125,1.1173559427261353,5768.28955078125,120.6500015258789,167.95240783691406
2019-05-06,263.104736328125,1.1185808181762695,5746.80712890625,120.80999755859376,172.65321350097656
2019-05-07,258.7109375,1.1201846599578855,5829.50146484375,121.20999908447266,169.7986602783203
2019-05-08,258.35150146484375,1.1191065311431885,5982.45751953125,120.91000366210938,170.9481658935547
2019-05-09,257.5697937011719,1.1198333501815796,6174.52880859375,121.1999969482422,170.289306640625
2019-05-10,258.8636779785156,1.1222084760665894,6378.84912109375,121.43000030517578,173.1427459716797
2019-05-13,252.3583068847656,1.1236460208892822,7814.9150390625,122.66999816894533,196.8462829589844
2019-05-14,254.64060974121097,1.1232547760009766,7994.416015625,122.45999908447266,217.14857482910156
2019-05-15,256.1321716308594,1.1204482316970823,8205.16796875,122.38999938964844,247.1530609130859
2019-05-16,258.50433349609375,1.1207244396209717,7884.9091796875,121.51000213623048,264.010009765625
2019-05-17,256.83294677734375,1.1173559427261353,7343.8955078125,120.6500015258789,243.76458740234375
2019-05-20,255.134765625,1.1165324449539185,7978.30908203125,120.63999938964844,251.86441040039065
2019-05-21,257.43505859375,1.1168566942214966,7963.32763671875,120.36000061035156,255.21588134765625
2019-05-23,253.5084686279297,1.1155484914779663,7881.8466796875,121.16999816894533,245.96566772460935
2019-05-24,254.0835723876953,1.1184556484222412,7987.37158203125,121.3000030517578,249.4849853515625
2019-05-28,251.72048950195312,1.11938214302063,8719.9619140625,120.83000183105467,271.7687072753906
2019-05-29,250.0311584472656,1.1170687675476074,8659.4873046875,120.87000274658205,269.4556884765625
2019-05-30,250.7140655517578,1.1137346029281616,8319.47265625,121.69000244140624,255.85894775390625
2019-05-31,247.33560180664065,1.1131147146224976,8574.501953125,123.33000183105467,268.1135559082031
2019-06-03,246.7067108154297,1.1174057722091677,8208.9951171875,125.11000061035156,252.60792541503903
2019-06-04,252.06187438964844,1.124631643295288,7707.77099609375,125.1500015258789,241.3387908935547
2019-06-05,254.2452087402344,1.1254037618637085,7824.2314453125,125.47000122070312,247.0510101318359
2019-06-06,255.89857482910156,1.1229015588760376,7822.0234375,125.87999725341795,249.47433471679688
2019-06-07,258.4593505859375,1.127650022506714,8043.951171875,126.58999633789062,250.93035888671875
2019-06-10,259.6453857421875,1.1320157051086426,8000.32958984375,125.33000183105467,247.52012634277344
2019-06-11,259.58251953125,1.1318106651306152,7927.71435546875,125.18000030517578,245.7818298339844
2019-06-12,259.1241455078125,1.1329518556594849,8145.857421875,125.83000183105467,260.9032897949219
2019-06-13,260.19342041015625,1.1295605897903442,8230.923828125,126.5999984741211,256.1687927246094
2019-06-14,259.90594482421875,1.128044366836548,8693.8330078125,126.55999755859376,264.08746337890625
2019-06-17,260.00482177734375,1.1217050552368164,9320.3525390625,126.4800033569336,274.3511047363281
2019-06-18,262.7272644042969,1.1224603652954102,9081.7626953125,127.12000274658205,265.0518493652344
2019-06-19,263.3202819824219,1.1198208332061768,9273.521484375,127.88999938964844,269.4317932128906
2019-06-20,265.8362121582031,1.1238480806350708,9527.16015625,131.11000061035156,271.69500732421875
2019-06-21,265.4497375488281,1.1295605897903442,10144.556640625,131.97999572753906,294.9102783203125
2019-06-24,265.1247863769531,1.1384724378585815,11011.1025390625,133.94000244140625,310.4246826171875
2019-06-25,262.5243225097656,1.140029788017273,11790.9169921875,134.1999969482422,318.1263122558594
2019-06-26,262.2624816894531,1.1369967460632324,13016.2314453125,132.97000122070312,336.753173828125
2019-06-27,263.1925048828125,1.1374752521514893,11182.806640625,132.83999633789062,294.26763916015625
2019-06-28,264.54681396484375,1.1372941732406616,12407.33203125,133.1999969482422,311.2261047363281
2019-07-01,266.94854736328125,1.1364928483963013,10583.134765625,130.6199951171875,293.64111328125
2019-07-02,267.643798828125,1.1287446022033691,10801.677734375,133.41000366210938,291.596435546875
2019-07-03,269.78363037109375,1.1293054819107056,11961.26953125,133.6300048828125,303.0999755859375
2019-07-05,269.4765930175781,1.128579020500183,10978.4599609375,132.13999938964844,287.9975280761719
2019-07-08,267.995849609375,1.1227376461029053,12285.9580078125,131.2899932861328,313.25140380859375
2019-07-09,268.3299560546875,1.121604323387146,12573.8125,131.75,308.8810119628906
2019-07-10,269.6120300292969,1.120824933052063,12156.5126953125,133.8300018310547,290.0023193359375
2019-07-11,270.2441101074219,1.125885248184204,11358.662109375,132.6999969482422,268.70404052734375
2019-07-12,271.45391845703125,1.1252391338348389,11815.986328125,133.52999877929688,276.2767028808594
2019-07-15,271.54425048828125,1.1272051334381104,10895.08984375,133.52999877929688,229.7760009765625
2019-07-16,270.6684265136719,1.126176834106445,9477.6416015625,132.39999389648438,199.1886749267578
2019-07-17,268.8265380859375,1.121227145195007,9693.802734375,134.5800018310547,211.48497009277344
2019-07-18,269.8106689453125,1.12296462059021,10666.482421875,136.47999572753906,226.566162109375
2019-07-19,268.3119201660156,1.1261515617370603,10530.732421875,134.47000122070312,221.3334197998047
2019-07-22,268.970947265625,1.1218308210372925,10343.1064453125,134.4499969482422,217.5600128173828
2019-07-23,270.8941345214844,1.1206114292144775,9900.767578125,133.69000244140625,212.728515625
2019-07-24,272.167236328125,1.11512553691864,9811.92578125,134.3699951171875,217.04637145996097
2019-07-25,270.8670959472656,1.1142433881759644,9911.841796875,133.4199981689453,219.6179962158203
2019-07-26,272.6819152832031,1.1146159172058103,9870.3037109375,133.63999938964844,219.62960815429688
2019-07-29,272.185302734375,1.1132138967514038,9519.1455078125,134.52999877929688,211.26805114746097
2019-07-30,271.51727294921875,1.1143054962158203,9607.423828125,134.97999572753906,210.52259826660156
2019-07-31,268.5467529296875,1.1157974004745483,10085.6279296875,133.2100067138672,218.65414428710935
2019-08-01,266.2082214355469,1.107174515724182,10399.6689453125,136.41000366210938,217.80844116210935
2019-08-02,264.2037658691406,1.1078859567642212,10518.1748046875,135.88999938964844,217.87156677246097
2019-08-05,256.25836181640625,1.1108025312423706,11805.6533203125,137.7899932861328,234.21502685546875
2019-08-06,259.851806640625,1.1243788003921509,11478.1689453125,138.91000366210938,226.02064514160156
2019-08-07,260.00531005859375,1.1206992864608765,11941.96875,141.02000427246094,226.39100646972656
2019-08-08,265.10662841796875,1.12043559551239,11966.4072265625,141.72999572753906,220.94186401367188
2019-08-09,263.3008117675781,1.1187183856964111,11862.9365234375,141.25999450683594,210.48890686035156
2019-08-12,260.0955810546875,1.1208499670028689,11382.6162109375,142.6300048828125,211.28807067871097
2019-08-13,264.1404724121094,1.1218308210372925,10895.830078125,141.77999877929688,208.70904541015625
2019-08-14,256.33056640625,1.1177055835723877,10051.7041015625,142.75,186.6077423095703
2019-08-15,257.0077209472656,1.1143302917480469,10311.5458984375,143.6999969482422,188.50205993652344
2019-08-16,260.79986572265625,1.1113580465316772,10374.3388671875,142.77999877929688,185.44007873535156
2019-08-19,263.9419250488281,1.109385371208191,10916.0537109375,141.11000061035156,203.09193420410156
2019-08-20,261.9194641113281,1.1083157062530518,10763.232421875,142.2100067138672,196.56541442871097
2019-08-21,264.0502624511719,1.1097793579101562,10138.0498046875,141.75999450683594,186.89163208007812
2019-08-22,263.9689636230469,1.10907781124115,10131.0556640625,141.39999389648438,191.3329162597656
2019-08-23,257.18829345703125,1.108401656150818,10407.96484375,144.1699981689453,194.70620727539065
2019-08-26,260.03240966796875,1.1143054962158203,10370.8203125,144.19000244140625,188.92938232421875
2019-08-27,259.0121154785156,1.1103708744049072,10185.5,145.57000732421875,187.51666259765625
2019-08-28,260.8359680175781,1.109004020690918,9754.4228515625,145.16000366210938,173.8899688720703
2019-08-29,264.1676330566406,1.1085859537124634,9510.2001953125,144.1199951171875,169.51673889160156
2019-08-30,264.0502624511719,1.1061947345733645,9598.173828125,143.75,168.83486938476562
2019-09-03,262.5063171386719,1.0968520641326904,10623.5400390625,145.75,179.49932861328125
2019-09-04,265.4858093261719,1.0974539518356323,10594.4931640625,146.66000366210938,175.99288940429688
2019-09-05,268.8988037109375,1.10349702835083,10575.533203125,143.13999938964844,174.21713256835938
2019-09-06,269.1064453125,1.1036310195922852,10353.302734375,141.9199981689453,169.9561767578125
2019-09-09,269.2418212890625,1.1020619869232178,10334.974609375,141.38999938964844,181.1494598388672
2019-09-10,269.1787109375,1.1048381328582764,10115.9755859375,140.17999267578125,179.78717041015625
2019-09-11,271.0928039550781,1.1050333976745603,10178.3720703125,141.02999877929688,178.72549438476562
2019-09-12,272.0318603515625,1.101345777511597,10410.126953125,141.32000732421875,181.01609802246097
2019-09-13,271.8512268066406,1.1058276891708374,10360.546875,140.14999389648438,181.10972595214844
2019-09-16,271.011474609375,1.1083402633666992,10276.7939453125,141.32000732421875,197.11317443847656
2019-09-17,271.69775390625,1.100594401359558,10241.2724609375,141.60000610351562,208.60874938964844
2019-09-18,271.8601989746094,1.1074687242507937,10198.248046875,140.7100067138672,211.39303588867188
2019-09-19,271.8421630859375,1.1031439304351809,10266.4150390625,141.27999877929688,221.2808532714844
2019-09-20,270.5577697753906,1.1048502922058103,10181.6416015625,142.9499969482422,218.050048828125
2019-09-23,270.4942932128906,1.1019041538238523,9729.32421875,143.75,201.9213104248047
2019-09-24,268.371826171875,1.0993722677230835,8620.56640625,144.50999450683594,168.11073303222656
2019-09-25,269.9591064453125,1.1016855239868164,8486.9931640625,141.8300018310547,170.8927001953125
2019-09-26,269.396728515625,1.0952903032302856,8118.9677734375,141.7899932861328,166.7271270751953
2019-09-27,267.9455261230469,1.0922753810882568,8251.845703125,141.05999755859375,174.71099853515625
2019-09-30,269.1881408691406,1.0942714214324951,8293.8681640625,138.8699951171875,179.87220764160156
2019-10-01,265.9862060546875,1.0899657011032104,8343.2763671875,139.6300048828125,177.34042358398438
2019-10-02,261.2877197265625,1.0934937000274658,8393.0419921875,141.25999450683594,180.71051025390625
2019-10-03,263.4283142089844,1.0963709354400637,8259.9921875,141.89999389648438,175.1993408203125
2019-10-04,266.9930725097656,1.0975382328033447,8205.939453125,141.89999389648438,176.98500061035156
2019-10-07,265.841064453125,1.098659634590149,8245.623046875,140.69000244140625,181.18634033203125
2019-10-08,261.7138671875,1.0972130298614502,8228.783203125,141.9199981689453,182.0215606689453
2019-10-09,264.19927978515625,1.0960105657577517,8595.740234375,142.0500030517578,193.2932586669922
2019-10-10,265.9862060546875,1.098780393600464,8586.4736328125,140.80999755859375,191.65966796875
2019-10-11,268.74359130859375,1.1011033058166504,8321.7568359375,140.02999877929688,182.56968688964844
2019-10-14,268.4443359375,1.1030004024505615,8374.6865234375,140.58999633789062,186.96090698242188
2019-10-15,271.1019592285156,1.1029006242752075,8205.369140625,139.61000061035156,181.40606689453125
2019-10-16,270.66668701171875,1.1034727096557615,8047.52685546875,140.41000366210938,176.0135040283203
2019-10-17,271.4648742675781,1.107493281364441,8103.9111328125,140.61000061035156,178.02835083007812
2019-10-18,270.27655029296875,1.1127183437347412,7973.20751953125,140.4600067138672,173.621337890625
2019-10-21,272.10882568359375,1.1155734062194824,8243.720703125,139.7899932861328,174.92098999023438
2019-10-22,271.2200012207031,1.1151753664016724,8078.203125,140.1999969482422,172.3008575439453
2019-10-23,272.00909423828125,1.112928867340088,7514.671875,140.52999877929688,162.4027862548828
2019-10-24,272.4534606933594,1.1132385730743408,7493.48876953125,141.52999877929688,162.16854858398438
2019-10-25,273.5692443847656,1.1103955507278442,8660.7001953125,141.86000061035156,181.5232086181641
2019-10-28,275.1111755371094,1.108426213264465,9256.1484375,140.63999938964844,182.66281127929688
2019-10-29,275.029541015625,1.1099148988723757,9427.6875,140.25,190.3425750732422
2019-10-30,275.8731994628906,1.1114816665649414,9205.7265625,141.02000427246094,184.69216918945312
2019-10-31,275.1385192871094,1.1154489517211914,9199.5849609375,142.42999267578125,183.9669189453125
2019-11-01,277.6872863769531,1.1157102584838867,9261.1044921875,142.55999755859375,183.9698944091797
2019-11-04,278.80291748046875,1.1166571378707886,9412.6123046875,142.14999389648438,186.35519409179688
2019-11-05,278.4945983886719,1.1128545999526978,9342.52734375,139.85000610351562,189.30416870117188
2019-11-06,278.55810546875,1.107419729232788,9360.8798828125,140.4499969482422,191.5938415527344
2019-11-07,279.53778076171875,1.1070396900177002,9267.5615234375,138.27000427246094,187.97654724121097
2019-11-08,280.2270202636719,1.1019697189331057,8804.880859375,137.38999938964844,184.2114715576172
2019-11-11,279.69195556640625,1.102244257926941,8757.7880859375,137.05999755859375,185.48963928222656
2019-11-12,280.2814636230469,1.1035456657409668,8815.662109375,137.42999267578125,186.84341430664065
2019-11-13,280.3721618652344,1.1012367010116575,8808.2626953125,137.97999572753906,188.2587432861328
2019-11-14,280.7803649902344,1.101321578025818,8708.0947265625,138.55999755859375,185.9996337890625
2019-11-15,282.8121337890625,1.1020498275756836,8491.9921875,138.2100067138672,180.52117919921875
2019-11-18,283.0207824707031,1.105509877204895,8309.2861328125,138.6199951171875,180.55960083007812
2019-11-19,282.9391174316406,1.1072357892990112,8206.1455078125,138.69000244140625,177.45555114746094
2019-11-20,281.886962890625,1.1080001592636108,8027.26806640625,138.75999450683594,175.69834899902344
2019-11-21,281.43341064453125,1.1078859567642212,7642.75,138.0,161.4627227783203
2019-11-22,282.0592346191406,1.1065863370895386,7296.57763671875,137.74000549316406,150.26817321777344
2019-11-25,284.2453308105469,1.1022562980651855,7146.1337890625,137.0800018310547,146.47653198242188
2019-11-26,284.88934326171875,1.1014429330825806,7218.37109375,137.74000549316406,148.96507263183594
2019-11-27,286.1591796875,1.1022562980651855,7531.66357421875,137.00999450683594,153.01055908203125
2019-11-29,285.0979919433594,1.101176142692566,7761.24365234375,137.86000061035156,155.3041534423828
2019-12-02,282.6762390136719,1.1019041538238523,7321.98828125,137.7899932861328,149.0591583251953
2019-12-03,280.7803649902344,1.1079105138778689,7320.1455078125,139.11000061035156,147.9564208984375
2019-12-04,282.5128173828125,1.1085245609283447,7252.03466796875,138.9199981689453,146.74774169921875
2019-12-05,283.0207824707031,1.108303427696228,7448.3076171875,139.0,149.24899291992188
2019-12-06,285.6058654785156,1.1105434894561768,7546.99658203125,137.6199951171875,149.19444274902344
2019-12-09,284.70794677734375,1.105888843536377,7400.8994140625,137.5800018310547,148.2251739501953
2019-12-10,284.3905029296875,1.106499433517456,7278.11962890625,137.97000122070312,146.2670440673828
2019-12-11,285.1976623535156,1.1092746257781982,7217.42724609375,138.9199981689453,143.60800170898438
2019-12-12,287.6558532714844,1.1135857105255127,7243.13427734375,138.42999267578125,145.60400390625
2019-12-13,287.8281555175781,1.1186057329177856,7269.6845703125,139.0500030517578,144.9447479248047
2019-12-16,289.8056335449219,1.1124460697174072,6932.48046875,139.0399932861328,133.61402893066406
2019-12-17,289.8691101074219,1.1136974096298218,6640.51513671875,139.00999450683594,122.60388946533205
2019-12-18,289.8872375488281,1.115138053894043,7276.802734375,139.02000427246094,133.09219360351562
2019-12-19,291.0754699707031,1.1115927696228027,7202.84423828125,139.3800048828125,129.32113647460938
2019-12-20,292.3516845703125,1.1125946044921875,7218.81640625,139.52000427246094,129.06605529785156
2019-12-23,292.7982177734375,1.1079840660095217,7355.62841796875,139.9499969482422,128.6140899658203
2019-12-24,292.80731201171875,1.109385371208191,7322.5322265625,141.27000427246094,129.0638885498047
2019-12-26,294.3660888671875,1.1095454692840576,7238.966796875,142.3800048828125,126.36122131347656
2019-12-27,294.2931823730469,1.110111951828003,7290.08837890625,142.3300018310547,127.21460723876952
2019-12-30,292.670654296875,1.1182304620742798,7292.9951171875,142.6300048828125,132.63348388671875
2019-12-31,293.381591796875,1.120229721069336,7193.59912109375,142.89999389648438,129.61085510253906
2020-01-02,296.1252746582031,1.1220825910568235,6985.47021484375,143.9499969482422,127.4101791381836
2020-01-03,293.88299560546875,1.1171437501907349,7344.88427734375,145.86000061035156,134.1717071533203
2020-01-06,295.0041198730469,1.1161960363388062,7769.21923828125,147.38999938964844,144.3041534423828
2020-01-07,294.1746826171875,1.1197994947433472,8163.6923828125,147.97000122070312,143.5439910888672
2020-01-08,295.7425231933594,1.1154738664627075,8079.86279296875,146.86000061035156,141.2581329345703
2020-01-09,297.747802734375,1.1113210916519165,7879.0712890625,146.02999877929688,138.9792022705078
2020-01-10,296.8909606933594,1.1111111640930176,8166.55419921875,146.91000366210938,143.96377563476562
2020-01-13,298.9328308105469,1.111666917800903,8144.1943359375,145.82000732421875,144.22659301757812
2020-01-14,298.4770202636719,1.1135733127593994,8827.7646484375,145.69000244140625,165.95535278320312
2020-01-15,299.1515808105469,1.113089919090271,8807.0107421875,146.5399932861328,166.23068237304688
2020-01-16,301.6399230957031,1.1154004335403442,8723.7861328125,146.30999755859375,164.39100646972656
2020-01-17,302.57891845703125,1.1139578819274902,8929.0380859375,146.5800018310547,170.7799530029297
2020-01-21,301.9863586425781,1.109693169593811,8745.89453125,146.74000549316406,169.69715881347656
2020-01-22,302.0227966308594,1.108561396598816,8680.8759765625,146.7899932861328,168.29415893554688
2020-01-23,302.3692321777344,1.1096439361572266,8406.515625,147.1199951171875,162.92855834960938
2020-01-24,299.6802062988281,1.1055220365524292,8445.4345703125,147.97999572753906,163.05117797851562
2020-01-27,294.8764953613281,1.102535843849182,8909.8193359375,148.99000549316406,170.93089294433594
2020-01-28,297.9666442871094,1.101976990699768,9358.58984375,147.66000366210938,176.3703155517578
2020-01-29,297.720458984375,1.1022562980651855,9316.6298828125,148.4600067138672,175.0503387451172
2020-01-30,298.6866149902344,1.1016855239868164,9508.9931640625,148.47000122070312,184.6904754638672
2020-01-31,293.2631530761719,1.1029127836227417,9350.529296875,149.3300018310547,180.16017150878903
2020-02-03,295.4416198730469,1.1089794635772705,9293.521484375,148.36000061035156,189.8650665283203
2020-02-04,299.9446105957031,1.1062926054000854,9180.962890625,146.42999267578125,189.25059509277344
2020-02-05,303.4083557128906,1.1047282218933103,9613.423828125,146.61000061035156,204.2302398681641
2020-02-06,304.42919921875,1.100231051445007,9729.8017578125,147.39999389648438,212.33908081054688
2020-02-07,302.8067321777344,1.0982975959777832,9795.943359375,147.7899932861328,222.72605895996097
2020-02-10,305.0673522949219,1.0949305295944214,9856.611328125,148.1699981689453,223.522705078125
2020-02-11,305.5960693359375,1.0913456678390503,10208.236328125,147.66000366210938,235.8511962890625
2020-02-12,307.56494140625,1.091941475868225,10326.0546875,147.5399932861328,265.4061279296875
2020-02-13,307.2366943359375,1.0875948667526243,10214.3798828125,148.3800048828125,268.0992431640625
2020-02-14,307.7289123535156,1.0845986604690552,10312.1162109375,149.0,284.2174987792969
2020-02-18,306.9359130859375,1.0840108394622805,10141.99609375,150.91000366210938,281.944580078125
2020-02-19,308.4034729003906,1.079540491104126,9633.38671875,151.7899932861328,259.76397705078125
2020-02-20,307.136474609375,1.081009864807129,9608.4755859375,152.41000366210938,257.949462890625
2020-02-21,303.9735107421875,1.078799843788147,9686.44140625,154.6999969482422,265.6006164550781
2020-02-24,293.8920593261719,1.0839051008224487,9650.1748046875,156.08999633789062,265.2164306640625
2020-02-25,284.9864807128906,1.0849199295043943,9341.705078125,153.3000030517578,247.81759643554688
2020-02-26,283.9383239746094,1.0881996154785156,8820.5224609375,153.97000122070312,225.6802673339844
2020-02-27,271.1861267089844,1.088589429855347,8784.494140625,154.0,226.75338745117188
2020-02-28,270.0467529296875,1.0997228622436523,8672.455078125,148.3800048828125,226.760498046875
2020-03-02,281.7415466308594,1.1051311492919922,8869.669921875,149.1999969482422,230.5697784423828
2020-03-03,273.67462158203125,1.114404797554016,8787.7861328125,153.88999938964844,224.47962951660156
2020-03-04,285.17791748046875,1.118067979812622,8755.24609375,154.16000366210938,224.5179748535156
2020-03-05,275.6981506347656,1.113908290863037,9078.7626953125,157.49000549316406,229.2681884765625
2020-03-06,271.1405029296875,1.1223849058151243,9122.5458984375,157.5500030517578,243.5252990722656
2020-03-09,249.96597290039065,1.1386020183563232,7923.64453125,157.80999755859375,201.986328125
2020-03-10,262.900390625,1.139796018600464,7909.7294921875,154.47999572753906,200.76724243164065
2020-03-11,250.08450317382812,1.1316505670547483,7911.43017578125,153.92999267578125,194.8685302734375
2020-03-12,226.15708923339844,1.1261515617370603,4970.7880859375,147.7899932861328,112.3471221923828
2020-03-13,245.49034118652344,1.1184931993484497,5563.70703125,143.27999877929688,133.20181274414062
2020-03-16,218.6279296875,1.115536093711853,5014.47998046875,141.63999938964844,110.60587310791016
2020-03-17,230.43209838867188,1.1163206100463867,5225.62939453125,143.55999755859375,113.9427490234375
2020-03-18,218.76463317871097,1.101552128791809,5238.4384765625,140.6999969482422,114.84226989746094
2020-03-19,219.22952270507812,1.0961546897888184,6191.19287109375,138.0399932861328,136.59385681152344
2020-03-20,209.7819976806641,1.0657345056533811,6198.7783203125,140.11000061035156,132.73716735839844
2020-03-23,204.41824340820312,1.0694386959075928,6416.31494140625,146.3000030517578,134.91160583496094
2020-03-24,222.939208984375,1.0764610767364502,6734.8037109375,153.39999389648438,138.76144409179688
2020-03-25,226.2766265869141,1.080263614654541,6681.06298828125,151.3000030517578,136.19589233398438
2020-03-26,239.48887634277344,1.0889569520950315,6716.4404296875,153.24000549316406,138.36155700683594
2020-03-27,232.35552978515625,1.1048258543014526,6469.79833984375,152.25,133.9379425048828
2020-03-30,239.9014587402344,1.113908290863037,6429.841796875,152.9199981689453,132.904541015625
2020-03-31,236.32569885253903,1.1030466556549072,6438.64453125,148.0500030517578,133.59356689453125
2020-04-01,225.68983459472656,1.102657437324524,6606.7763671875,149.4499969482422,135.63455200195312
2020-04-02,230.8977203369141,1.0953621864318848,6793.62451171875,151.89999389648438,142.02914428710938
2020-04-03,227.5602874755859,1.0847399234771729,6733.38720703125,152.64999389648438,142.09130859375
2020-04-06,242.84466552734375,1.0806955099105835,7271.78125,156.8800048828125,169.13587951660156
2020-04-07,243.09222412109375,1.0803803205490112,7176.41455078125,156.0399932861328,165.10194396972656
2020-04-08,251.25245666503903,1.0895144939422607,7334.0986328125,154.64999389648438,172.64173889160156
2020-04-09,255.0757751464844,1.0863661766052246,7302.08935546875,158.69000244140625,170.80714416503906
2020-04-13,252.74688720703125,1.0932666063308716,6845.03759765625,161.41000366210938,156.27955627441406
2020-04-14,260.2012023925781,1.0922993421554563,6842.427734375,162.67999267578125,157.5963897705078
2020-04-15,254.6724090576172,1.098538875579834,6642.10986328125,161.85000610351562,153.28689575195312
2020-04-16,255.90109252929688,1.0905101299285889,7116.80419921875,161.7100067138672,172.15737915039062
2020-04-17,262.8142395019531,1.0858471393585205,7096.1845703125,158.57000732421875,171.63858032226562
2020-04-20,258.18408203125,1.0866966247558594,6881.95849609375,159.6999969482422,172.2971649169922
2020-04-21,250.34475708007812,1.0864840745925903,6880.3232421875,158.61000061035156,172.73770141601562
2020-04-22,255.90109252929688,1.0856467485427856,7117.20751953125,161.72999572753906,182.59957885742188
2020-04-23,255.8827209472656,1.080964207649231,7429.724609375,163.33999633789062,185.02867126464844
2020-04-24,259.4494323730469,1.077702283859253,7550.90087890625,162.63999938964844,189.2369384765625
2020-04-27,263.1902160644531,1.08236825466156,7795.60107421875,161.55999755859375,197.22471618652344
2020-04-28,261.9798889160156,1.0824854373931885,7807.05859375,160.83999633789062,198.41539001464844
2020-04-29,268.8381652832031,1.0836584568023682,8801.0380859375,161.72999572753906,216.96823120117188
2020-04-30,266.3351135253906,1.087725043296814,8658.5537109375,158.8000030517578,207.60205078125
2020-05-01,259.28436279296875,1.094546914100647,8864.7666015625,159.77999877929688,214.21910095214844
2020-05-04,259.9994201660156,1.0959625244140625,8912.654296875,160.33999633789062,208.17401123046875
2020-05-05,262.4016418457031,1.0904293060302734,9003.0703125,161.02000427246094,206.77439880371097
2020-05-06,260.6229248046875,1.0838581323623655,9268.76171875,158.9499969482422,204.0557861328125
2020-05-07,263.7677917480469,1.0798553228378296,9951.5185546875,161.38999938964844,212.28941345214844
2020-05-08,268.1322326660156,1.0837171077728271,9842.666015625,160.4199981689453,212.9915771484375
2020-05-11,268.1872253417969,1.0839520692825315,8601.7958984375,159.4199981689453,185.912841796875
2020-05-12,262.841796875,1.080940842628479,8804.4775390625,160.0399932861328,189.3125
2020-05-13,258.1932678222656,1.0846810340881348,9269.9873046875,161.5800018310547,199.1932830810547
2020-05-14,261.2830505371094,1.08236825466156,9733.7216796875,163.00999450683594,202.9490966796875
2020-05-15,262.4842529296875,1.0806955099105835,9328.197265625,163.92999267578125,195.62266540527344
2020-05-18,270.4794006347656,1.0821340084075928,9726.5751953125,162.69000244140625,214.52505493164065
2020-05-19,267.7012634277344,1.0915124416351318,9729.0380859375,164.25999450683594,213.45111083984375
2020-05-20,272.2490234375,1.0927767753601074,9522.9814453125,164.64999389648438,210.09674072265625
2020-05-21,270.3692932128906,1.0982975959777832,9081.76171875,162.25,199.88360595703125
2020-05-22,270.88287353515625,1.0952903032302856,9182.5771484375,163.2100067138672,207.169189453125
2020-05-26,274.22027587890625,1.0902997255325315,8835.052734375,160.88999938964844,201.90231323242188
2020-05-27,278.3004150390625,1.0981770753860474,9181.017578125,161.17999267578125,208.86343383789065
2020-05-28,277.7869873046875,1.1016855239868164,9525.7509765625,161.72000122070312,219.8404235839844
2020-05-29,279.0246887207031,1.1079105138778689,9439.1240234375,162.91000366210938,220.6751251220703
2020-06-01,280.1524658203125,1.1118524074554443,10167.2685546875,163.66000366210938,246.99176025390625
2020-06-02,282.47216796875,1.1125946044921875,9529.8037109375,162.60000610351562,237.21905517578125
2020-06-03,286.2314147949219,1.118943691253662,9656.7177734375,159.60000610351562,244.1793212890625
2020-06-04,285.47955322265625,1.1235954761505127,9800.63671875,161.27999877929688,244.4263916015625
2020-06-05,292.796142578125,1.1337867975234983,9665.533203125,158.00999450683594,241.22198486328125
2020-06-08,296.3354797363281,1.1319515705108645,9771.4892578125,159.72000122070312,246.30990600585935
2020-06-09,294.125732421875,1.1305567026138306,9795.7001953125,161.25999450683594,244.9114532470703
2020-06-10,292.4844665527344,1.1332215070724487,9870.0947265625,163.57000732421875,247.4449462890625
2020-06-11,275.6231384277344,1.1365444660186768,9321.78125,162.38999938964844,231.70266723632812
2020-06-12,278.923828125,1.1288082599639893,9480.84375,162.6199951171875,237.4932098388672
2020-06-15,281.5277404785156,1.1252011060714722,9450.7021484375,162.3300018310547,229.9289093017578
2020-06-16,286.9465026855469,1.1337740421295166,9538.0244140625,162.25,234.41616821289065
2020-06-17,285.7546081542969,1.1265701055526731,9480.2548828125,162.55999755859375,233.0282745361328
2020-06-18,285.8647155761719,1.1242902278900146,9411.8408203125,162.24000549316406,232.1011657714844
2020-06-19,284.2309875488281,1.1211000680923462,9288.0185546875,164.02999877929688,227.13829040527344
2020-06-22,286.0543518066406,1.1177555322647097,9648.7177734375,165.08999633789062,242.53318786621097
2020-06-23,287.37127685546875,1.1279679536819458,9629.658203125,166.47999572753906,244.14215087890625
2020-06-24,280.0406799316406,1.1312345266342163,9313.6103515625,165.89999389648438,235.7724609375
2020-06-25,283.0429382324219,1.1250872611999512,9264.8134765625,165.8000030517578,232.94448852539065
2020-06-26,276.3202819824219,1.1222084760665894,9162.91796875,166.5399932861328,229.6680450439453
2020-06-29,280.3814697265625,1.1225864887237549,9190.8544921875,166.6300048828125,228.1948699951172
2020-06-30,283.97308349609375,1.1247202157974243,9137.9931640625,167.3699951171875,226.31500244140625
2020-07-01,285.9622497558594,1.1235954761505127,9228.3251953125,166.6199951171875,231.11341857910156
2020-07-02,287.5370178222656,1.1251378059387207,9123.41015625,166.97999572753906,229.39219665527344
2020-07-06,291.9757995605469,1.1247202157974243,9375.474609375,167.97999572753906,241.51022338867188
2020-07-07,288.9644470214844,1.1312856674194336,9252.27734375,169.0399932861328,239.07553100585935
2020-07-08,291.1746520996094,1.1275228261947632,9428.3330078125,170.08999633789062,246.6700134277344
2020-07-09,289.5169982910156,1.1339154243469238,9277.9677734375,169.6300048828125,243.01596069335935
2020-07-10,292.4731140136719,1.128795504570007,9278.8076171875,169.19000244140625,240.9849853515625
2020-07-13,289.9406433105469,1.1310042142868042,9243.6142578125,169.39999389648438,239.6045837402344
2020-07-14,293.6978759765625,1.134549617767334,9243.2138671875,170.19000244140625,240.21148681640625
2020-07-15,296.3962097167969,1.1410704851150513,9192.8369140625,170.33999633789062,238.42352294921875
2020-07-16,295.4200134277344,1.1417193412780762,9132.2275390625,168.72999572753906,233.6408843994141
2020-07-17,296.2764892578125,1.139211654663086,9151.392578125,170.1199951171875,232.77308654785156
2020-07-20,298.6709289550781,1.1442956924438477,9164.2314453125,170.94000244140625,236.15316772460935
2020-07-21,299.3063659667969,1.1458691358566284,9374.8876953125,173.0,245.0167236328125
2020-07-22,301.010009765625,1.15340256690979,9525.36328125,175.6300048828125,262.1906433105469
2020-07-23,297.41839599609375,1.1568717956542969,9581.072265625,177.17999267578125,274.6890563964844
2020-07-24,295.5029296875,1.1596084833145142,9536.892578125,178.6999969482422,279.2154235839844
2020-07-27,297.65777587890625,1.1652567386627195,10990.873046875,182.22999572753903,321.51409912109375
2020-07-28,295.76995849609375,1.1769275665283203,10912.8232421875,183.75,316.6572570800781
2020-07-29,299.4076232910156,1.171879529953003,11100.4677734375,185.1300048828125,318.1908874511719
2020-07-30,298.33935546875,1.1782865524291992,11111.2138671875,183.7599945068359,334.5866394042969
2020-07-31,300.6968994140625,1.1872254610061646,11323.466796875,185.42999267578125,345.5546569824219
2020-08-03,302.78741455078125,1.1782310009002686,11246.3486328125,185.63999938964844,386.295166015625
2020-08-04,303.9569091796875,1.1763322353363037,11205.892578125,189.58999633789065,389.87548828125
2020-08-05,305.8447570800781,1.181544303894043,11747.0224609375,191.3500061035156,401.590576171875
2020-08-06,307.8892517089844,1.187281847000122,11779.7734375,193.88999938964844,394.9619445800781
2020-08-07,308.11029052734375,1.1876484155654907,11601.47265625,190.80999755859375,379.5128479003906
2020-08-10,309.0311584472656,1.178272724151611,11878.111328125,190.1499938964844,395.8875732421875
2020-08-11,306.48016357421875,1.1737778186798096,11410.525390625,179.94000244140625,380.3840637207031
2020-08-12,310.75335693359375,1.1736538410186768,11584.9345703125,179.10000610351562,391.024169921875
2020-08-13,310.1915283203125,1.179380178451538,11784.1376953125,183.3300018310547,428.7417907714844
2020-08-14,310.2006530761719,1.1816558837890625,11768.87109375,182.5399932861328,437.3978271484375
2020-08-17,311.18609619140625,1.1852554082870483,12254.40234375,186.5,429.53125
2020-08-18,311.8583679199219,1.1876484155654907,11991.2333984375,188.17999267578125,423.6693115234375
2020-08-19,310.5599060058594,1.1947859525680542,11758.283203125,182.2400054931641,406.4637756347656
2020-08-20,311.52691650390625,1.1843500137329102,11878.3720703125,183.5,416.4397888183594
2020-08-21,312.6318359375,1.1873664855957031,11592.4892578125,182.02999877929688,389.1263427734375
2020-08-24,315.79986572265625,1.1798018217086792,11774.595703125,181.0,408.1441955566406
2020-08-25,316.90496826171875,1.1794538497924805,11366.134765625,181.22000122070312,384.00103759765625
2020-08-26,320.0821533203125,1.183501958847046,11488.36328125,183.36000061035156,386.4661254882813
2020-08-27,320.7820739746094,1.1842728853225708,11323.3974609375,181.2400054931641,382.6326293945313
2020-08-28,322.85406494140625,1.1819632053375244,11542.5,184.38999938964844,395.8746643066406
2020-08-31,321.68450927734375,1.1918240785598757,11680.8203125,184.8300018310547,435.0797424316406
2020-09-01,324.71441650390625,1.193901538848877,11970.478515625,185.0500030517578,477.0519104003906
2020-09-02,329.4110107421875,1.1923214197158811,11414.0341796875,182.6199951171875,440.0404968261719
2020-09-03,318.0744934082031,1.184735894203186,10245.296875,181.13999938964844,385.67193603515625
2020-09-04,315.4775695800781,1.1839784383773804,10511.8134765625,181.63999938964844,388.24114990234375
2020-09-08,306.8577880859375,1.182172775268555,10131.5166015625,181.2899932861328,337.60211181640625
2020-09-09,312.91741943359375,1.177024483680725,10242.34765625,183.0500030517578,351.1100158691406
2020-09-10,307.4839782714844,1.1806375980377195,10363.138671875,182.4600067138672,368.1018981933594
2020-09-11,307.6405334472656,1.1824384927749634,10400.9150390625,182.4499969482422,374.6955871582031
2020-09-14,311.692626953125,1.1842728853225708,10680.837890625,183.88999938964844,377.2688598632813
2020-09-15,313.2673034667969,1.187000036239624,10796.951171875,183.4499969482422,364.8392028808594
2020-09-16,312.024169921875,1.1844412088394165,10974.9052734375,183.97000122070312,365.8122863769531
2020-09-17,309.2798156738281,1.1803449392318726,10948.990234375,182.9600067138672,389.0192260742187
2020-09-18,305.7191467285156,1.1848200559616089,10944.5859375,183.1999969482422,384.3645324707031
2020-09-21,302.3165588378906,1.1845533847808838,10462.259765625,179.52000427246094,341.78607177734375
2020-09-22,305.39556884765625,1.176800012588501,10538.4599609375,178.64999389648438,344.503173828125
2020-09-23,298.3131408691406,1.1708368062973022,10246.1865234375,174.7899932861328,321.1163024902344
2020-09-24,299.1082763671875,1.1658544540405271,10760.06640625,175.44000244140625,349.3555908203125
2020-09-25,303.9439392089844,1.1673243045806885,10692.716796875,174.94000244140625,352.1832580566406
2020-09-28,308.9922790527344,1.1635348796844482,10709.65234375,176.6999969482422,355.159423828125
2020-09-29,307.3094177246094,1.167883276939392,10844.640625,178.19000244140625,359.75738525390625
2020-09-30,309.63946533203125,1.1742050647735596,10784.4912109375,177.1199951171875,359.9378662109375
2020-10-01,311.6274108886719,1.1726078987121582,10619.4521484375,178.6999969482422,353.2059020996094
2020-10-02,308.6686706542969,1.1744946241378784,10575.974609375,178.5399932861328,346.2389221191406
2020-10-05,314.1423034667969,1.1720443964004517,10793.33984375,179.41000366210938,353.956787109375
2020-10-06,309.6764221191406,1.1792453527450562,10604.40625,177.3000030517578,340.81585693359375
2020-10-07,315.0668029785156,1.1737639904022217,10668.96875,177.22000122070312,341.80865478515625
2020-10-08,317.85919189453125,1.176747441291809,10915.685546875,177.85000610351562,350.7661437988281
2020-10-09,320.69781494140625,1.1767003536224363,11064.4580078125,181.0800018310547,365.5904846191406
2020-10-12,325.85699462890625,1.181683897972107,11555.36328125,180.55999755859375,387.7312622070313
2020-10-13,323.7303161621094,1.1816140413284302,11425.8994140625,177.72000122070312,381.1907653808594
2020-10-14,321.69622802734375,1.1742188930511477,11429.5068359375,178.27000427246094,379.4840393066406
2020-10-15,321.2986755371094,1.1743981838226318,11495.349609375,178.9199981689453,377.44183349609375
2020-10-16,321.1044921875,1.1707134246826172,11322.123046875,178.3000030517578,366.22900390625
2020-10-19,316.2226867675781,1.171550154685974,11742.037109375,178.38999938964844,379.93560791015625
2020-10-20,317.48931884765625,1.176885962486267,11916.3349609375,179.25,369.1369018554687
2020-10-21,316.88836669921875,1.1829839944839478,12823.689453125,180.6000061035156,392.1899719238281
2020-10-22,318.6265869140625,1.1853959560394287,12965.8916015625,178.8300018310547,413.7729797363281
2020-10-23,319.7084045410156,1.1815024614334106,12931.5390625,178.63999938964844,409.7666931152344
2020-10-26,313.8002014160156,1.184848070144653,13075.248046875,178.5500030517578,393.8883056640625
2020-10-27,312.7184143066406,1.180944323539734,13654.21875,179.02000427246094,403.9970397949219
2020-10-28,302.0300598144531,1.1784114837646484,13271.28515625,176.1300048828125,388.6507568359375
2020-10-29,305.0996398925781,1.1748672723770142,13437.8828125,175.39999389648438,386.7301025390625
2020-10-30,301.9190979003906,1.1678695678710938,13546.5224609375,176.1999969482422,382.8199768066406
2020-11-02,305.30303955078125,1.1642121076583862,13550.4892578125,177.91000366210938,383.15673828125
2020-11-03,310.69354248046875,1.1642799377441406,13950.30078125,178.9199981689453,387.6021728515625
2020-11-04,317.63726806640625,1.176221489906311,14133.70703125,178.82000732421875,402.1419982910156
2020-11-05,323.8320617675781,1.17326819896698,15579.8486328125,182.92999267578125,414.0673522949219
2020-11-06,323.7581481933594,1.1817537546157837,15565.880859375,183.19000244140625,454.71929931640625
2020-11-09,327.8263854980469,1.1893010139465332,15332.3154296875,175.0800018310547,444.1630554199219
2020-11-10,327.3456115722656,1.182732105255127,15290.90234375,175.66000366210938,449.67962646484375
2020-11-11,329.77734375,1.1818794012069702,15701.33984375,174.89999389648438,462.9605407714844
2020-11-12,326.5781555175781,1.1780297756195068,16276.34375,175.9600067138672,461.0052795410156
2020-11-13,331.0994567871094,1.1803393363952637,16317.80859375,177.16000366210938,474.6264343261719
2020-11-16,335.232421875,1.1845253705978394,16716.111328125,177.14999389648438,459.9403076171875
2020-11-17,333.4294128417969,1.1859441995620728,17645.40625,176.5,480.3600769042969
2020-11-18,329.41668701171875,1.186366319656372,17804.005859375,175.49000549316406,479.4840698242187
2020-11-19,330.8036804199219,1.1847639083862305,17817.08984375,175.16000366210938,471.63043212890625
2020-11-20,328.5382385253906,1.1866477727890017,18621.314453125,175.69000244140625,509.74456787109375
2020-11-23,330.5077209472656,1.1866477727890017,18364.12109375,172.22999572753906,608.4540405273438
2020-11-24,335.83343505859375,1.1842728853225708,19107.46484375,169.58999633789062,603.8977661132812
2020-11-25,335.3156433105469,1.1900511980056765,18732.12109375,169.50999450683594,570.6866455078125
2020-11-27,336.24951171875,1.191599726676941,17108.40234375,167.7899932861328,517.4937133789062
2020-11-30,334.7608947753906,1.1971460580825806,19625.8359375,166.6699981689453,614.842529296875
2020-12-01,338.42230224609375,1.193816065788269,18802.998046875,170.17999267578125,587.3241577148438
2020-12-02,339.1342468261719,1.2074378728866575,19201.091796875,171.4600067138672,598.3523559570312
2020-12-03,339.041748046875,1.2114603519439695,19445.3984375,172.80999755859375,616.708740234375
2020-12-04,341.96343994140625,1.2145650386810305,18699.765625,172.32000732421875,569.3541870117188
2020-12-07,341.2608642578125,1.212135910987854,19191.630859375,174.88999938964844,591.8433837890625
2020-12-08,342.2594299316406,1.2113136053085327,18321.14453125,175.5,554.8277587890625
2020-12-09,339.189697265625,1.2110936641693115,18553.916015625,172.5,573.4791259765625
2020-12-10,339.0787658691406,1.207875370979309,18264.9921875,172.1699981689453,559.6785278320312
2020-12-11,338.68115234375,1.2144293785095217,18058.904296875,172.49000549316406,545.79736328125
2020-12-14,337.1647644042969,1.213340401649475,19246.64453125,171.5399932861328,586.0111694335938
2020-12-15,341.7231140136719,1.214889645576477,19417.076171875,173.94000244140625,589.3555908203125
2020-12-16,342.2594299316406,1.2154301404953003,21310.59765625,174.89999389648438,636.1818237304688
2020-12-17,344.1732482910156,1.2199585437774658,22805.162109375,176.74000549316406,642.8689575195312
2020-12-18,342.7991027832031,1.226271629333496,23137.9609375,176.44000244140625,654.8119506835938
2020-12-21,341.5733337402344,1.221612811088562,22803.08203125,175.8800048828125,609.81787109375
2020-12-22,340.9975891113281,1.223690629005432,23783.029296875,174.49000549316406,634.8541870117188
2020-12-23,341.30413818359375,1.2186651229858398,23241.345703125,175.64999389648438,583.714599609375
2020-12-24,342.63189697265625,1.2191405296325684,23735.94921875,176.35000610351562,611.607177734375
2020-12-28,345.5753479003906,1.2205095291137695,27084.80859375,175.7100067138672,730.3973388671875
2020-12-29,344.9161376953125,1.2223445177078247,27362.4375,176.35000610351562,731.5201416015625
2020-12-30,345.4082946777344,1.225295066833496,28840.953125,177.6999969482422,751.6189575195312
2020-12-31,347.1631774902344,1.2299896478652954,29001.720703125,178.36000061035156,737.8034057617188
2021-01-04,342.4369812011719,1.2250697612762451,31971.9140625,182.3300018310547,1040.2330322265625
2021-01-05,344.79547119140625,1.2251598834991455,33992.4296875,182.8699951171875,1100.006103515625
2021-01-06,346.8567810058594,1.230027437210083,36824.36328125,179.89999389648438,1207.1121826171875
2021-01-07,352.01025390625,1.2341108322143557,39371.04296875,179.47999572753906,1225.6781005859375
2021-01-08,354.015869140625,1.227144479751587,40797.609375,173.33999633789062,1224.1971435546875
2021-01-11,351.6295471191406,1.218620538711548,35566.65625,173.0,1090.1453857421875
2021-01-12,351.7037658691406,1.2160701751708984,33922.9609375,174.1199951171875,1043.4345703125
2021-01-13,352.65087890625,1.220889449119568,37316.359375,173.3699951171875,1130.7393798828125
2021-01-14,351.4158935546875,1.2162491083145142,39187.328125,173.27999877929688,1218.4530029296875
2021-01-15,348.8531799316406,1.2151259183883667,36825.3671875,171.1300048828125,1171.8345947265625
2021-01-19,351.5923156738281,1.207729458808899,36069.8046875,172.5800018310547,1377.2958984375
2021-01-20,356.4579772949219,1.213886857032776,35547.75,175.38999938964844,1382.2740478515625
2021-01-21,356.7828674316406,1.2115631103515625,30825.69921875,175.27999877929688,1121.5709228515625
2021-01-22,355.5201110839844,1.2166293859481812,33005.76171875,173.89999389648438,1236.51220703125
2021-01-25,356.9222106933594,1.216944694519043,32366.392578125,174.0500030517578,1324.414794921875
2021-01-26,356.3650207519531,1.214624047279358,32569.849609375,173.6199951171875,1357.05810546875
2021-01-27,347.6552734375,1.216299295425415,30432.546875,172.52000427246094,1253.1871337890625
2021-01-28,350.6452331542969,1.2105072736740112,33466.09765625,172.67999267578125,1332.4921875
2021-01-29,343.62548828125,1.2120037078857422,34316.38671875,172.61000061035156,1382.5228271484375
2021-02-01,349.34521484375,1.2123857736587524,33537.17578125,174.22999572753906,1369.04052734375
2021-02-02,354.2851257324219,1.2068694829940796,35510.2890625,172.11000061035156,1515.1937255859375
2021-02-03,354.563720703125,1.203905463218689,37472.08984375,171.85000610351562,1660.9095458984375
2021-02-04,358.5936279296875,1.2042388916015625,36926.06640625,168.14999389648438,1594.7626953125
2021-02-05,360.00494384765625,1.1966731548309326,38144.30859375,169.80999755859375,1718.65087890625
2021-02-08,362.6048889160156,1.2048773765563965,46196.46484375,171.52000427246094,1746.6168212890625
2021-02-09,362.3634033203125,1.2053595781326294,46481.10546875,172.0800018310547,1768.0350341796875
2021-02-10,362.20562744140625,1.2119992971420288,44918.18359375,172.7100067138672,1744.243408203125
2021-02-11,362.7905578613281,1.2121212482452393,47909.33203125,171.2100067138672,1783.7979736328125
2021-02-12,364.5826721191406,1.2131506204605105,47504.8515625,170.69000244140625,1843.5325927734375
2021-02-16,364.2669067382813,1.2132196426391602,49199.87109375,168.24000549316406,1781.0675048828125
2021-02-17,364.3505554199219,1.2092483043670654,52149.0078125,166.3300018310547,1848.458251953125
2021-02-18,362.79986572265625,1.2048004865646362,51679.796875,166.32000732421875,1937.44921875
2021-02-19,362.1591796875,1.209189772605896,55888.1328125,167.00999450683594,1960.164794921875
2021-02-22,359.3735656738281,1.2126356363296509,54207.3203125,169.50999450683594,1781.992919921875
2021-02-23,359.8099365234375,1.2166796922683716,48824.42578125,169.1199951171875,1570.2039794921875
2021-02-24,363.7748107910156,1.215214490890503,49705.33203125,169.0,1626.57568359375
2021-02-25,355.00933837890625,1.2171372175216677,47093.8515625,165.82000732421875,1475.7037353515625
2021-02-26,353.18011474609375,1.2160420417785645,46339.76171875,161.80999755859375,1446.03369140625
2021-03-01,361.7412414550781,1.208956003189087,49631.2421875,161.52999877929688,1564.7076416015625
2021-03-02,358.9185485839844,1.2051095962524414,48378.98828125,162.41000366210938,1492.6087646484375
2021-03-03,354.1643981933594,1.208546757698059,50538.2421875,160.6199951171875,1575.8531494140625
2021-03-04,349.78167724609375,1.2050660848617554,48561.16796875,159.0399932861328,1541.914306640625
2021-03-05,356.2165222167969,1.1967735290527344,48927.3046875,159.13999938964844,1533.2750244140625
2021-03-08,354.4429931640625,1.1925631761550903,52246.5234375,157.49000549316406,1834.7279052734375
2021-03-09,359.5035095214844,1.185171127319336,54824.1171875,160.83999633789062,1868.048828125
2021-03-10,361.7412414550781,1.1897906064987185,56008.55078125,161.66000366210938,1799.166259765625
2021-03-11,365.4090270996094,1.1926058530807495,57805.12109375,161.52000427246094,1826.1949462890625
2021-03-12,365.9012145996094,1.1986095905303955,57332.08984375,161.49000549316406,1772.1024169921875
2021-03-15,368.0832214355469,1.1950000524520874,55907.19921875,162.1999969482422,1791.7022705078125
2021-03-16,367.6190185546875,1.1925773620605469,56804.90234375,162.35000610351562,1806.9718017578125
2021-03-17,368.87249755859375,1.190164566040039,58870.89453125,163.50999450683594,1823.4493408203125
2021-03-18,363.5055847167969,1.1982792615890503,57858.921875,162.55999755859375,1782.8551025390625
2021-03-19,362.8329772949219,1.1918240785598757,58346.65234375,163.24000549316406,1817.6241455078125
2021-03-22,365.7301940917969,1.1883116960525513,54529.14453125,163.0,1691.333984375
2021-03-23,362.8515625,1.193303108215332,54738.9453125,161.80999755859375,1678.650146484375
2021-03-24,361.007080078125,1.1840205192565918,52774.265625,162.3699951171875,1593.4134521484375
2021-03-25,363.0379028320313,1.1813069581985474,51704.16015625,161.77999877929688,1595.3592529296875
2021-03-26,368.88824462890625,1.1776621341705322,55137.3125,162.24000549316406,1702.842041015625
2021-03-29,368.701904296875,1.1788004636764526,57750.19921875,160.30999755859375,1819.6849365234375
2021-03-30,367.7237548828125,1.177100658416748,58917.69140625,157.57000732421875,1846.03369140625
2021-03-31,369.2142639160156,1.1723604202270508,58918.83203125,159.9600067138672,1918.362060546875
2021-04-01,373.2015075683594,1.1728830337524414,59095.80859375,161.97999572753906,1977.27685546875
2021-04-05,378.5580139160156,1.176816701889038,59057.87890625,161.9199981689453,2107.88720703125
2021-04-06,378.33447265625,1.1818934679031372,58192.359375,163.22000122070312,2118.37890625
2021-04-07,378.7723083496094,1.1874228715896606,56048.9375,162.75999450683594,1971.0772705078125
2021-04-08,380.57025146484375,1.1873664855957031,58323.953125,164.50999450683594,2088.57373046875
2021-04-09,383.3370666503906,1.1915684938430786,58245.00390625,163.27000427246094,2072.10888671875
2021-04-12,383.476806640625,1.1900511980056765,59893.453125,162.27999877929688,2139.353271484375
2021-04-13,384.6133117675781,1.1914690732955933,63503.45703125,163.42999267578125,2299.187744140625
2021-04-14,383.2998352050781,1.1954143047332764,63109.6953125,162.72000122070312,2435.10498046875
2021-04-15,387.4173889160156,1.1986095905303955,63314.01171875,165.35000610351562,2519.1162109375
2021-04-16,388.7123107910156,1.1971746683120728,61572.7890625,166.35000610351562,2431.946533203125
2021-04-19,386.8025512695313,1.1969454288482666,55724.265625,165.88999938964844,2166.188720703125
2021-04-20,383.9706115722656,1.204529047012329,56473.03125,166.47999572753906,2330.2109375
2021-04-21,387.603759765625,1.2032392024993896,53906.08984375,168.1300048828125,2364.751708984375
2021-04-22,384.063720703125,1.2037750482559204,51762.2734375,167.0399932861328,2403.53515625
2021-04-23,388.2278747558594,1.2014753818511963,51093.65234375,166.39999389648438,2363.586181640625
2021-04-26,389.0383605957031,1.2089852094650269,54021.75390625,166.83999633789062,2534.481689453125
2021-04-27,388.9544982910156,1.2081671953201294,55033.1171875,166.4199981689453,2662.865234375
2021-04-28,388.8427734375,1.2090305089950562,54824.703125,166.91000366210938,2746.380126953125
2021-04-29,391.32086181640625,1.213592290878296,53555.109375,166.22000122070312,2756.876953125
2021-04-30,388.74951171875,1.2127091884613037,57750.17578125,165.66000366210938,2773.20703125
2021-05-03,389.58795166015625,1.2027760744094849,57200.29296875,167.80999755859375,3431.086181640625
2021-05-04,387.1844787597656,1.2061271667480469,53333.5390625,166.5800018310547,3253.62939453125
2021-05-05,387.3055725097656,1.2015043497085571,57424.0078125,167.27000427246094,3522.783203125
2021-05-06,390.3984680175781,1.2007973194122314,56396.515625,170.05999755859375,3490.88037109375
2021-05-07,393.23980712890625,1.2068549394607544,57356.40234375,171.58999633789062,3484.72900390625
2021-05-10,389.34576416015625,1.2171076536178589,55859.796875,172.11000061035156,3952.2939453125
2021-05-11,385.8710632324219,1.2140932083129885,56704.57421875,172.13999938964844,4168.701171875
2021-05-12,377.6731262207031,1.2144500017166138,49150.53515625,170.42999267578125,3785.8486328125
2021-05-13,382.2098388671875,1.2078505754470823,49716.19140625,171.1300048828125,3715.1484375
2021-05-14,388.0788879394531,1.207729458808899,49880.53515625,172.69000244140625,4079.057373046875
2021-05-17,387.0913391113281,1.2150373458862305,43537.51171875,174.6999969482422,3282.397705078125
2021-05-18,383.7563171386719,1.215687274932861,42909.40234375,175.0399932861328,3380.070068359375
2021-05-19,382.7501220703125,1.2223997116088867,37002.44140625,175.16000366210938,2460.67919921875
2021-05-20,386.8677978515625,1.217285394668579,40782.73828125,175.9600067138672,2784.294189453125
2021-05-21,386.5510559082031,1.222538709640503,37304.69140625,176.0399932861328,2430.621337890625
2021-05-24,390.49169921875,1.2183235883712769,38705.98046875,176.35000610351562,2643.591064453125
2021-05-25,389.6251831054687,1.2214635610580444,38402.22265625,177.9499969482422,2706.62890625
2021-05-26,390.3984680175781,1.2249093055725098,39294.19921875,177.63999938964844,2888.69873046875
2021-05-27,390.6033935546875,1.21925950050354,38436.96875,177.7100067138672,2736.488525390625
2021-05-28,391.3021545410156,1.2193188667297363,35697.60546875,178.3800048828125,2419.90625
2021-06-01,390.95745849609375,1.223286509513855,36684.92578125,177.89999389648438,2633.518310546875
2021-06-02,391.5722961425781,1.2217769622802734,37575.1796875,178.77000427246094,2706.125
2021-06-03,390.1190490722656,1.220986247062683,39208.765625,175.27000427246094,2855.12646484375
2021-06-04,393.68701171875,1.213300704956055,36894.40625,177.16000366210938,2688.195068359375
2021-06-07,393.3049621582031,1.2168411016464231,33560.70703125,177.8699951171875,2590.26318359375
2021-06-08,393.3888549804687,1.2193634510040283,33472.6328125,177.32000732421875,2517.438720703125
2021-06-09,392.802001953125,1.217285394668579,37345.12109375,176.97999572753906,2608.26708984375
2021-06-10,394.6278991699219,1.218200445175171,36702.59765625,177.74000549316406,2471.5185546875
2021-06-11,395.2799987792969,1.2172558307647705,37334.3984375,175.74000549316406,2353.768798828125
2021-06-14,396.1650085449219,1.2110203504562378,40218.4765625,174.7100067138672,2537.89111328125
2021-06-15,395.4383239746094,1.212224006652832,40406.26953125,174.0500030517578,2610.936767578125
2021-06-16,393.23046875,1.2127091884613037,38347.0625,171.11000061035156,2367.66357421875
2021-06-17,393.1001281738281,1.1995586156845093,38053.50390625,165.85000610351562,2372.001953125
2021-06-18,387.7969665527344,1.1913414001464844,35787.24609375,164.92999267578125,2231.733154296875
2021-06-21,393.34869384765625,1.1873664855957031,31676.693359375,166.9499969482422,1888.447509765625
2021-06-22,395.4515380859375,1.1912561655044556,32505.66015625,166.25,1874.9500732421875
2021-06-23,394.9750061035156,1.1936734914779663,33723.02734375,166.13999938964844,1989.736328125
2021-06-24,397.3114929199219,1.193317413330078,34662.4375,166.0399932861328,1988.456298828125
2021-06-25,398.7227783203125,1.1930327415466309,31637.779296875,166.58999633789062,1813.21728515625
2021-06-28,399.5265197753906,1.1942152976989746,34434.3359375,166.5800018310547,2079.657470703125
2021-06-29,399.7415466308594,1.1928904056549072,35867.77734375,164.8300018310547,2160.768310546875
2021-06-30,400.0779724121094,1.1901928186416626,35040.8359375,165.6300048828125,2274.547607421875
2021-07-01,402.2930603027344,1.1856770515441897,33572.1171875,166.1999969482422,2113.60546875
2021-07-02,405.3680725097656,1.1846235990524292,33897.046875,167.2899932861328,2150.040283203125
2021-07-06,404.6296997070313,1.186380386352539,34235.1953125,168.1199951171875,2324.679443359375
2021-07-07,406.05963134765625,1.1824523210525513,33855.328125,168.75999450683594,2315.161865234375
2021-07-08,402.7510681152344,1.17933988571167,32877.37109375,168.64999389648438,2120.0263671875
2021-07-09,407.0504150390625,1.184800386428833,33798.01171875,169.2100067138672,2146.6923828125
2021-07-12,408.5082702636719,1.187295913696289,33155.84765625,169.0,2036.7210693359375
2021-07-13,407.1157531738281,1.186521053314209,32702.025390625,169.22000122070312,1940.083984375
2021-07-14,407.7233581542969,1.1775373220443726,32822.34765625,171.0399932861328,1994.331298828125
2021-07-15,406.3307495117187,1.1833338737487793,31780.73046875,171.07000732421875,1911.1756591796875
2021-07-16,403.1435852050781,1.1811814308166504,31421.5390625,169.41000366210938,1880.3829345703125
2021-07-19,397.1900329589844,1.1814005374908447,30817.83203125,169.61000061035156,1817.296630859375
2021-07-20,402.8819580078125,1.1793843507766724,29807.34765625,169.38999938964844,1787.5107421875
2021-07-21,406.1437683105469,1.1784114837646484,32110.693359375,168.75999450683594,1990.9708251953125
2021-07-22,406.9943237304687,1.179273009300232,32313.10546875,169.08999633789062,2025.2027587890625
2021-07-23,411.1814270019531,1.177273869514465,33581.55078125,168.55999755859375,2124.776611328125
2021-07-26,412.19085693359375,1.177343249320984,37337.53515625,168.16000366210938,2233.36669921875
2021-07-27,410.3121948242187,1.1807769536972046,39406.94140625,168.44000244140625,2298.33349609375
2021-07-28,410.14404296875,1.1823126077651978,39995.90625,169.2899932861328,2296.54541015625
2021-07-29,411.8450317382813,1.1845955848693848,40008.421875,171.1699981689453,2380.956787109375
2021-07-30,409.8449096679687,1.189299702644348,42235.546875,169.82000732421875,2466.96142578125
2021-08-02,408.9850463867187,1.186704158782959,39201.9453125,169.61000061035156,2610.1533203125
2021-08-03,412.3123168945313,1.1874650716781616,38152.98046875,169.49000549316406,2502.349609375
2021-08-04,410.2842102050781,1.1869436502456665,39747.50390625,169.52999877929688,2724.619873046875
2021-08-05,412.8825073242187,1.1837401390075684,40869.5546875,168.86000061035156,2827.328857421875
2021-08-06,413.5647583007813,1.1835720539093018,42816.5,164.63999938964844,2890.941650390625
2021-08-09,413.2283020019531,1.1749500036239624,46365.40234375,161.72000122070312,3167.856201171875
2021-08-10,413.7423095703125,1.17384672164917,45585.03125,161.77000427246094,3141.691162109375
2021-08-11,414.7703857421875,1.172333002090454,45593.63671875,164.0,3164.2451171875
2021-08-12,416.0135192871094,1.1741899251937866,44428.2890625,164.0399932861328,3043.414306640625
2021-08-13,416.7705383300781,1.173626184463501,47793.3203125,166.38999938964844,3322.211669921875
2021-08-16,417.7519226074219,1.179467797279358,46004.484375,167.22000122070312,3156.509521484375
2021-08-17,415.0133972167969,1.177994966506958,44695.359375,166.97000122070312,3014.845947265625
2021-08-18,410.4711608886719,1.1709738969802856,44801.1875,167.10000610351562,3020.08984375
2021-08-19,411.1066284179687,1.1703298091888428,46717.578125,166.61000061035156,3182.7021484375
2021-08-20,414.3778381347656,1.1676595211029053,49339.17578125,166.6999969482422,3286.935302734375
2021-08-23,418.02294921875,1.1697548627853394,49546.1484375,168.72999572753906,3319.25732421875
2021-08-24,418.68658447265625,1.1744533777236938,47706.1171875,168.64999389648438,3172.456298828125
2021-08-25,419.5651550292969,1.175309181213379,48960.7890625,167.47999572753906,3224.915283203125
2021-08-26,417.08831787109375,1.177440166473389,46942.21875,167.6699981689453,3100.325439453125
2021-08-27,420.8174743652344,1.1756407022476196,49058.66796875,170.19000244140625,3270.600830078125
2021-08-30,422.66802978515625,1.1799006462097168,47054.984375,169.35000610351562,3224.374267578125
2021-08-31,422.0418395996094,1.1796904802322388,47166.6875,169.69000244140625,3433.732666015625
2021-09-01,422.2660827636719,1.1810280084609983,48847.02734375,169.6999969482422,3834.828125
2021-09-02,423.5652770996094,1.1840906143188477,49327.72265625,169.25,3790.989990234375
2021-09-03,423.4625244140625,1.1876484155654907,50025.375,171.05999755859375,3940.61474609375
2021-09-07,421.9484252929687,1.187507390975952,46811.12890625,167.7100067138672,3426.394287109375
2021-09-08,421.4343872070313,1.184356927871704,46091.390625,167.2899932861328,3497.315185546875
2021-09-09,419.6305236816406,1.1819101572036743,46391.421875,168.02999877929688,3427.340087890625
2021-09-10,416.3218688964844,1.182592272758484,44883.91015625,167.17999267578125,3211.505859375
2021-09-13,417.3873901367187,1.1811953783035278,44963.07421875,167.74000549316406,3285.51171875
2021-09-14,415.1349792480469,1.1811953783035278,47092.4921875,168.82000732421875,3429.169677734375
2021-09-15,418.6023559570313,1.180498123168945,48176.34765625,167.8300018310547,3615.28271484375
2021-09-16,417.9388122558594,1.1819995641708374,47783.359375,164.02999877929688,3571.294921875
2021-09-17,413.86761474609375,1.176747441291809,47267.51953125,163.77000427246094,3398.538818359375
2021-09-20,406.9667663574219,1.1729930639266968,42843.80078125,164.94000244140625,2958.993408203125
2021-09-21,406.5823364257813,1.1730204820632937,40693.67578125,166.0399932861328,2764.43115234375
2021-09-22,410.5484619140625,1.17229163646698,43574.5078125,165.4199981689453,3077.867919921875
2021-09-23,415.53662109375,1.168770432472229,44895.09765625,163.50999450683594,3155.523681640625
2021-09-24,416.22113037109375,1.1740258932113647,42839.75,163.3000030517578,2931.669189453125
2021-09-27,415.0303649902344,1.172305464744568,42235.73046875,163.63999938964844,2934.138916015625
2021-09-28,406.6667175292969,1.1696795225143433,41034.54296875,162.0500030517578,2807.296630859375
2021-09-29,407.3511047363281,1.1686338186264038,41564.36328125,161.32000732421875,2853.143310546875
2021-09-30,402.3724670410156,1.1601601839065552,43790.89453125,164.22000122070312,3001.678955078125
2021-10-01,407.1542663574219,1.1574475765228271,48116.94140625,164.58999633789062,3307.51611328125
2021-10-04,401.9035034179687,1.160725712776184,49112.90234375,165.36000061035156,3380.089111328125
2021-10-05,406.08538818359375,1.1618449687957764,51514.8125,164.58999633789062,3518.5185546875
2021-10-06,407.7730712890625,1.1596084833145142,55361.44921875,165.02999877929688,3580.56201171875
2021-10-07,411.2985534667969,1.1555349826812744,53805.984375,164.16000366210938,3587.974853515625
2021-10-08,410.5484619140625,1.1559758186340332,53967.84765625,164.22999572753906,3563.75927734375
2021-10-11,407.576171875,1.1566041707992554,57484.7890625,163.9199981689453,3545.35400390625
2021-10-12,406.5729370117187,1.1553747653961182,56041.05859375,164.66000366210938,3492.5732421875
2021-10-13,408.03558349609375,1.15340256690979,57401.09765625,167.58999633789062,3606.20166015625
2021-10-14,414.8990783691406,1.1599582433700562,57321.5234375,168.0,3786.01416015625
2021-10-15,418.0588989257813,1.159151554107666,61593.94921875,165.3300018310547,3862.634765625
2021-10-18,419.29644775390625,1.1597026586532593,62026.078125,164.9199981689453,3748.76025390625
2021-10-19,422.5313415527344,1.161386251449585,64261.9921875,165.4499969482422,3877.65087890625
2021-10-20,424.19091796875,1.1631964445114136,65992.8359375,166.89999389648438,4155.9921875
2021-10-21,425.29730224609375,1.1655012369155884,62210.171875,166.75,4054.32275390625
2021-10-22,424.8565673828125,1.1625338792800903,60692.265625,167.77000427246094,3970.181884765625
2021-10-25,427.1351013183594,1.164008855819702,63039.82421875,168.92999267578125,4217.876953125
2021-10-26,427.5194396972656,1.161170482635498,60363.79296875,167.67999267578125,4131.10205078125
2021-10-27,425.62548828125,1.159823656082153,58482.38671875,168.1199951171875,3930.25732421875
2021-10-28,429.7322998046875,1.1600120067596436,60622.13671875,168.0800018310547,4287.31884765625
2021-10-29,430.6042785644531,1.1683608293533323,62227.96484375,166.64999389648438,4414.74658203125
2021-11-01,431.3450317382813,1.1556684970855713,61004.40625,167.52000427246094,4324.626953125
2021-11-02,433.0889892578125,1.1599582433700562,63226.40234375,167.16000366210938,4584.798828125
2021-11-03,435.7330627441406,1.1579434871673584,62970.046875,165.77000427246094,4607.19384765625
2021-11-04,437.7864685058594,1.1615750789642334,61452.23046875,167.64999389648438,4537.32421875
2021-11-05,439.305419921875,1.1555349826812744,61125.67578125,169.83999633789062,4486.2431640625
2021-11-08,439.680419921875,1.1568851470947266,67566.828125,170.4499969482422,4812.08740234375
2021-11-09,438.22711181640625,1.159151554107666,66971.828125,171.2899932861328,4735.06884765625
2021-11-10,434.7016906738281,1.1595547199249268,64995.23046875,173.14999389648438,4636.17431640625
2021-11-11,434.8423156738281,1.148593544960022,64949.9609375,174.1199951171875,4730.38427734375
2021-11-12,438.1240234375,1.145081877708435,64155.94140625,174.4499969482422,4667.115234375
2021-11-15,438.2740478515625,1.144164800643921,63557.87109375,174.17999267578125,4557.50390625
2021-11-16,440.0086364746094,1.1366478204727173,60161.24609375,172.9199981689453,4216.365234375
2021-11-17,438.9397277832031,1.1321182250976562,60368.01171875,174.5,4287.59375
2021-11-18,440.4305114746094,1.1321182250976562,56942.13671875,173.94000244140625,4000.65087890625
2021-11-19,439.6429748535156,1.1368415355682373,58119.578125,172.61000061035156,4298.306640625
2021-11-22,438.4053039550781,1.1275737285614014,56289.2890625,168.74000549316406,4088.457763671875
2021-11-23,438.9866943359375,1.12421452999115,57569.07421875,167.27999877929688,4340.763671875
2021-11-24,440.15869140625,1.124492645263672,56280.42578125,167.1199951171875,4239.9814453125
2021-11-26,430.3417663574219,1.1209630966186523,53569.765625,166.85000610351562,4030.908935546875
2021-11-29,435.62054443359375,1.1293182373046875,57806.56640625,166.6199951171875,4445.10498046875
2021-11-30,427.1444396972656,1.1293437480926514,57005.42578125,165.5,4631.47900390625
2021-12-01,422.4001159667969,1.1330289840698242,57229.828125,166.16000366210938,4586.990234375
2021-12-02,428.8696594238281,1.1319515705108645,56477.81640625,165.24000549316406,4511.30224609375
2021-12-03,425.1379089355469,1.1306205987930298,53598.24609375,166.6300048828125,4220.7060546875
2021-12-06,430.1729431152344,1.13047993183136,50582.625,166.22000122070312,4358.7373046875
2021-12-07,439.071044921875,1.128668189048767,50700.0859375,166.80999755859375,4315.0615234375
2021-12-08,440.233642578125,1.127650022506714,50504.796875,166.89999389648438,4439.35791015625
2021-12-09,437.2614135742187,1.1345586776733398,47672.12109375,165.8800048828125,4119.81591796875
2021-12-10,441.3775634765625,1.1293309926986694,47243.3046875,166.5800018310547,3908.49609375
2021-12-13,437.4676208496094,1.131183385848999,46737.48046875,167.0,3784.226806640625
2021-12-14,434.4578552246094,1.1285407543182373,46612.6328125,165.44000244140625,3745.4404296875
2021-12-15,441.246337890625,1.1261261701583862,48896.72265625,166.14999389648438,4018.388671875
2021-12-16,437.3551940917969,1.1290758848190308,47665.42578125,168.16000366210938,3962.4697265625
2021-12-17,432.7004699707031,1.1334141492843628,46202.14453125,167.8000030517578,3879.486572265625
2021-12-20,428.0994262695313,1.124353528022766,46880.27734375,167.08999633789062,3933.844482421875
2021-12-21,435.7019958496094,1.127751708030701,48936.61328125,167.02000427246094,4020.260009765625
2021-12-22,440.0584716796875,1.128757357597351,48628.51171875,168.58999633789062,3982.099609375
2021-12-23,442.7965393066406,1.1328877210617063,50784.5390625,168.97000122070312,4108.015625
2021-12-27,449.06304931640625,1.1324259042739868,50640.41796875,169.3699951171875,4037.547607421875
2021-12-28,448.696044921875,1.1330032348632812,47588.85546875,168.63999938964844,3800.89306640625
2021-12-29,449.27008056640625,1.1314777135849,46444.7109375,168.58999633789062,3628.53173828125
2021-12-30,448.028076171875,1.1360150575637815,47178.125,169.8000030517578,3713.85205078125
2021-12-31,446.89892578125,1.132502794265747,46306.4453125,170.9600067138672,3682.6328125
2022-01-03,449.48638916015625,1.1373459100723269,46458.1171875,168.3300018310547,3761.38037109375
2022-01-04,449.3359069824219,1.1302244663238523,45897.57421875,169.57000732421875,3794.056640625
2022-01-05,440.7077331542969,1.1283625364303589,43569.00390625,169.05999755859375,3550.386962890625
2022-01-06,440.293701171875,1.1313496828079224,43160.9296875,166.99000549316406,3418.408203125
2022-01-07,438.5530090332031,1.1296881437301636,41557.90234375,167.75,3193.21044921875
2022-01-10,438.0072326660156,1.1353960037231443,41821.26171875,168.25999450683594,3083.097900390625
2022-01-11,441.9966735839844,1.1330417394638062,42735.85546875,170.2899932861328,3238.111572265625
2022-01-12,443.1917419433594,1.1366478204727173,43949.1015625,170.74000549316406,3372.25830078125
2022-01-13,437.0851440429687,1.144164800643921,42591.5703125,170.16000366210938,3248.28857421875
2022-01-14,437.2638854980469,1.1457115411758425,43099.69921875,169.6699981689453,3310.00146484375
2022-01-18,429.5201721191406,1.1410574913024902,42375.6328125,169.38999938964844,3164.025146484375
2022-01-19,425.0602111816406,1.1329647302627563,41744.328125,172.0800018310547,3095.825927734375
2022-01-20,420.3556213378906,1.1343399286270142,40680.41796875,171.64999389648438,3001.1201171875
2022-01-21,412.1037292480469,1.1313753128051758,36457.31640625,171.08999633789062,2557.931640625
2022-01-24,413.8538513183594,1.1341469287872314,36654.328125,172.02999877929688,2440.352294921875
2022-01-25,408.8011474609375,1.132413029670715,36954.00390625,172.5800018310547,2455.93505859375
2022-01-26,407.7755737304687,1.130454421043396,36852.12109375,169.7899932861328,2468.0302734375
2022-01-27,405.7619323730469,1.124353528022766,37138.234375,167.60000610351562,2423.001220703125
2022-01-28,415.8392028808594,1.1147029399871826,37784.33203125,167.10000610351562,2547.092041015625
2022-01-31,423.3288879394531,1.1152374744415283,38483.125,168.08999633789062,2688.27880859375
2022-02-01,426.1893310546875,1.12296462059021,38743.2734375,168.22999572753906,2792.1171875
2022-02-02,430.3293762207031,1.1273956298828125,36952.984375,168.83999633789062,2682.85400390625
2022-02-03,420.21441650390625,1.1299946308135986,37154.6015625,168.60000610351562,2679.16259765625
2022-02-04,422.19036865234375,1.14357590675354,41500.875,168.86000061035156,2983.5869140625
2022-02-07,420.83544921875,1.145514726638794,43840.28515625,170.11000061035156,3142.470703125
2022-02-08,424.2980346679687,1.1442956924438477,44118.4453125,170.6300048828125,3122.608642578125
2022-02-09,430.5082092285156,1.142126202583313,44338.796875,171.2100067138672,3239.45703125
2022-02-10,422.7737426757813,1.142152190208435,43565.11328125,170.55999755859375,3077.482177734375
2022-02-11,414.4371948242187,1.1415525674819946,42407.9375,173.80999755859375,2927.383544921875
2022-02-14,413.082275390625,1.1365057229995728,42586.91796875,174.74000549316406,2933.47900390625
2022-02-15,419.7440490722656,1.1306334733963013,44575.203125,173.0800018310547,3179.877197265625
2022-02-16,420.21441650390625,1.1356796026229858,43961.859375,174.86000061035156,3127.830078125
2022-02-17,411.2380676269531,1.1375269889831543,40538.01171875,177.25,2881.48193359375
2022-02-18,408.5752258300781,1.1366478204727173,40030.9765625,177.1199951171875,2785.7275390625
2022-02-22,404.1906433105469,1.1309658288955688,38286.02734375,177.49000549316406,2639.29931640625
2022-02-23,397.0208740234375,1.13291335105896,37296.5703125,178.2899932861328,2590.359619140625
2022-02-24,402.9956359863281,1.1305694580078125,38332.609375,177.13999938964844,2598.067138671875
2022-02-25,411.8873596191406,1.11906898021698,39214.21875,176.5500030517578,2764.53564453125
2022-02-28,410.8335266113281,1.118105411529541,43193.234375,178.3800048828125,2919.201171875
2022-03-01,404.576416015625,1.1215918064117432,44354.63671875,181.6199951171875,2972.485107421875
2022-03-02,412.01910400390625,1.1132758855819702,43924.1171875,179.72999572753906,2950.118408203125
2022-03-03,409.96783447265625,1.1112345457077026,42451.7890625,180.8000030517578,2834.468994140625
2022-03-04,406.6370544433594,1.1066844463348389,39137.60546875,183.67999267578125,2617.156005859375
2022-03-07,394.6496887207031,1.087453007698059,38062.0390625,186.41000366210935,2497.771240234375
2022-03-08,391.6575927734375,1.0865312814712524,38737.26953125,191.5099945068359,2576.74755859375
2022-03-09,402.1582336425781,1.0898232460021973,41982.92578125,185.82000732421875,2729.783447265625
2022-03-10,400.3421936035156,1.107382893562317,39437.4609375,186.3999938964844,2608.048583984375
2022-03-11,395.2519226074219,1.1013944149017334,38794.97265625,185.08999633789065,2559.56298828125
2022-03-14,392.36328125,1.093206763267517,39666.75390625,182.3000030517578,2590.696044921875
2022-03-15,400.9915161132813,1.0943193435668943,39338.78515625,178.88999938964844,2620.149658203125
2022-03-16,409.8831787109375,1.0969363451004028,41143.9296875,180.00999450683594,2772.0556640625
2022-03-17,415.0111389160156,1.1021955013275146,40951.37890625,180.88999938964844,2814.8544921875
2022-03-18,419.5567321777344,1.1099518537521362,41801.15625,179.3000030517578,2945.343017578125
2022-03-21,419.43408203125,1.1043134927749634,41077.99609375,180.6699981689453,2897.9765625
2022-03-22,424.3419494628906,1.101722002029419,42358.80859375,179.36000061035156,2973.131103515625
2022-03-23,418.8771362304687,1.1029735803604126,42892.95703125,181.80999755859375,3031.067138671875
2022-03-24,425.1914367675781,1.1006306409835815,43960.93359375,183.1300048828125,3108.06201171875
2022-03-25,427.2679138183594,1.1009578704833984,44348.73046875,182.3800048828125,3106.67138671875
2022-03-28,430.3070983886719,1.098189115524292,47128.00390625,179.05999755859375,3336.634521484375
2022-03-29,435.63031005859375,1.099384307861328,47465.73046875,179.13999938964844,3401.98779296875
2022-03-30,432.94036865234375,1.1091516017913818,47062.6640625,180.5800018310547,3385.157958984375
2022-03-31,426.2769470214844,1.116183519363403,45538.67578125,180.6499938964844,3281.642822265625
2022-04-01,427.4849853515625,1.1072357892990112,46281.64453125,179.5,3449.55224609375
2022-04-04,431.1470642089844,1.1047282218933103,46622.67578125,180.3699951171875,3521.2412109375
2022-04-05,425.70111083984375,1.0975863933563232,45555.9921875,179.24000549316406,3411.79248046875
2022-04-06,421.44439697265625,1.090643286705017,43206.73828125,179.66000366210938,3171.69189453125
2022-04-07,423.5679931640625,1.0898232460021973,43503.84765625,180.33999633789065,3233.274658203125
2022-04-08,422.4354248046875,1.0864840745925903,42287.6640625,181.47000122070312,3192.073974609375
2022-04-11,415.215087890625,1.0884946584701538,39521.90234375,182.3699951171875,2981.05224609375
2022-04-12,413.6766357421875,1.087795972824097,40127.18359375,183.77000427246097,3030.37646484375
2022-04-13,418.4147033691406,1.0826143026351929,41166.73046875,184.6499938964844,3118.34423828125
2022-04-14,413.2046203613281,1.089656949043274,39935.515625,184.0399932861328,3019.909423828125
2022-04-18,413.37451171875,1.081525444984436,40826.21484375,184.61000061035156,3057.606689453125
2022-04-19,420.0474853515625,1.0781787633895874,41502.75,181.82000732421875,3104.1064453125
2022-04-20,419.736083984375,1.0794472694396973,41374.37890625,182.7100067138672,3077.745849609375
2022-04-21,413.45953369140625,1.0849870443344116,40527.36328125,182.05999755859375,2987.480712890625
2022-04-22,402.114501953125,1.0835175514221191,39740.3203125,180.2899932861328,2964.835693359375
2022-04-25,404.4457702636719,1.0811045169830322,40458.30859375,177.0500030517578,3009.3935546875
2022-04-26,392.7326965332031,1.0714209079742432,38117.4609375,177.32000732421875,2808.29833984375
2022-04-27,393.8370056152344,1.0643619298934937,39241.12109375,175.97999572753906,2888.9296875
2022-04-28,403.78509521484375,1.0555092096328735,39773.828125,176.92999267578125,2936.94091796875
2022-04-29,388.863037109375,1.050420165061951,38609.82421875,176.91000366210938,2815.601806640625
2022-05-02,391.2037658691406,1.0535964965820312,38529.328125,173.6300048828125,2857.410400390625
2022-05-03,392.9970397949219,1.0509058237075806,37750.453125,174.08999633789062,2783.476318359375
2022-05-04,404.9648742675781,1.052853226661682,39698.37109375,175.8000030517578,2940.644775390625
2022-05-05,390.57135009765625,1.0622477531433103,36575.140625,175.1300048828125,2749.213134765625
2022-05-06,388.2400512695313,1.0539740324020386,36040.921875,175.4199981689453,2694.979736328125
2022-05-09,375.80963134765625,1.053219199180603,30296.953125,172.8800048828125,2245.430419921875
2022-05-10,376.677978515625,1.056579828262329,31022.90625,171.4199981689453,2343.510986328125
2022-05-11,370.6939697265625,1.0532968044281006,28936.35546875,172.82000732421875,2072.108642578125
2022-05-12,370.3070373535156,1.05124831199646,29047.751953125,170.1699981689453,1961.7015380859375
2022-05-13,379.1602783203125,1.0379581451416016,29283.103515625,168.7899932861328,2014.418212890625
2022-05-16,377.6217651367187,1.0400632619857788,29862.91796875,170.39999389648438,2022.7259521484375
2022-05-17,385.38958740234375,1.0438958406448364,30425.857421875,169.3300018310547,2090.4091796875
2022-05-18,369.8539733886719,1.0547856092453003,28720.271484375,169.4199981689453,1916.6561279296875
2022-05-19,367.5887451171875,1.0472739934921265,30314.333984375,171.91000366210938,2018.336181640625
2022-05-20,367.7492065429687,1.057898759841919,29200.740234375,172.02999877929688,1961.315673828125
2022-05-23,374.6298522949219,1.056981921195984,29098.91015625,172.8300018310547,1972.181884765625
2022-05-24,371.7700500488281,1.0682048797607422,29655.5859375,174.1300048828125,1978.9827880859375
2022-05-25,375.0545349121094,1.0736525058746338,29562.361328125,173.0800018310547,1944.827880859375
2022-05-26,382.5486450195313,1.0686614513397217,29267.224609375,172.75999450683594,1803.913330078125
2022-05-27,391.9399108886719,1.0732953548431396,28627.57421875,172.85000610351562,1724.9228515625
2022-05-31,389.7406921386719,1.0773539543151855,31792.310546875,171.13999938964844,1942.3280029296875
2022-06-01,386.5884094238281,1.0734105110168457,29799.080078125,172.22999572753906,1823.5693359375
2022-06-02,393.9502868652344,1.0654165744781494,30467.48828125,174.35000610351562,1834.1505126953125
2022-06-03,387.48492431640625,1.0751069784164429,29704.390625,172.5800018310547,1775.07861328125
2022-06-06,388.664794921875,1.0726046562194824,31370.671875,171.82000732421875,1859.2896728515625
2022-06-07,392.3928833007813,1.0691413879394531,31155.478515625,172.94000244140625,1814.04833984375
2022-06-08,388.1267395019531,1.0698620080947876,30214.35546875,172.77999877929688,1793.572265625
2022-06-09,378.89599609375,1.071765422821045,30111.998046875,172.22999572753906,1789.8260498046875
2022-06-10,367.9096984863281,1.0619205236434937,29083.8046875,174.5399932861328,1665.042236328125
2022-06-13,353.94085693359375,1.0489987134933472,22487.388671875,169.92999267578125,1204.582763671875
2022-06-14,352.8742370605469,1.0415147542953491,22206.79296875,168.57000732421875,1211.662841796875
2022-06-15,357.9049377441406,1.0440592765808103,22572.83984375,170.77000427246094,1233.2064208984375
2022-06-16,346.0597229003906,1.0456204414367676,20381.650390625,172.69000244140625,1067.730712890625
2022-06-17,346.8057861328125,1.0546854734420776,20471.482421875,171.27000427246094,1086.519287109375
2022-06-21,355.5361022949219,1.0520778894424438,20710.59765625,170.6300048828125,1124.8245849609375
2022-06-22,354.8915100097656,1.053263545036316,19987.029296875,171.30999755859375,1051.421875
2022-06-23,358.3703918457031,1.0564124584197998,21085.876953125,170.25999450683594,1143.38671875
2022-06-24,369.764404296875,1.052011489868164,21231.65625,170.08999633789062,1226.8447265625
2022-06-27,368.3519287109375,1.0566133260726929,20735.478515625,169.89999389648438,1193.6806640625
2022-06-28,360.8255004882813,1.0580891370773315,20280.634765625,169.6199951171875,1144.5792236328125
2022-06-29,360.5316162109375,1.0523545742034912,20104.0234375,169.49000549316406,1098.94384765625
2022-06-30,357.6025695800781,1.04465913772583,19784.7265625,168.4600067138672,1067.298828125
2022-07-01,361.3847351074219,1.0477677583694458,19269.3671875,168.32000732421875,1059.767333984375
2022-07-05,362.0672912597656,1.0433186292648315,20190.115234375,164.75,1134.541015625
2022-07-06,363.2900390625,1.0257673263549805,20548.24609375,162.13999938964844,1186.9739990234375
2022-07-07,368.7311096191406,1.0186411142349243,21637.587890625,162.22999572753906,1237.5933837890625
2022-07-08,368.4278564453125,1.0169836282730105,21731.1171875,162.3000030517578,1222.5062255859375
2022-07-11,364.2190856933594,1.0166114568710327,19970.556640625,161.42999267578125,1097.236572265625
2022-07-12,360.9961242675781,1.004752516746521,19323.9140625,160.8300018310547,1038.191650390625
2022-07-13,359.10028076171875,1.0033109188079834,20212.07421875,161.60000610351562,1113.587158203125
2022-07-14,358.22821044921875,1.0032706260681152,20569.919921875,159.3300018310547,1191.5262451171875
2022-07-15,365.0721435546875,1.0025665760040283,20836.328125,159.00999450683594,1233.129150390625
2022-07-18,362.0578002929687,1.009631872177124,22485.689453125,159.16000366210938,1578.7178955078125
2022-07-19,371.8403015136719,1.0145177841186523,23389.43359375,159.5399932861328,1542.9752197265625
2022-07-20,374.2100830078125,1.0231330394744873,23231.732421875,158.0399932861328,1520.20068359375
2022-07-21,378.0207824707031,1.0182781219482422,23164.62890625,160.27000427246094,1576.74951171875
2022-07-22,374.5134887695313,1.0221081972122192,22714.978515625,160.6699981689453,1537.4051513671875
2022-07-25,374.9684448242187,1.0200231075286863,21361.701171875,160.22999572753906,1445.3834228515625
2022-07-26,370.5321350097656,1.022494912147522,21239.75390625,160.0399932861328,1441.8067626953125
2022-07-27,380.153564453125,1.0129557847976685,22930.548828125,161.6699981689453,1636.232666015625
2022-07-28,384.9216003417969,1.0209290981292725,23843.88671875,163.63999938964844,1725.4681396484375
2022-07-29,390.5332946777344,1.0192328691482544,23804.6328125,164.10000610351562,1727.406982421875
2022-08-01,389.3768310546875,1.0208247900009155,23314.19921875,165.02999877929688,1635.19580078125
2022-08-02,386.8079833984375,1.0261356830596924,22978.1171875,164.0500030517578,1632.9454345703125
2022-08-03,392.8652038574219,1.015568733215332,22846.5078125,164.4499969482422,1618.87451171875
2022-08-04,392.5997619628906,1.015764594078064,22630.95703125,167.1699981689453,1608.205810546875
2022-08-05,391.9361877441406,1.024779200553894,23289.314453125,165.2899932861328,1732.254638671875
2022-08-08,391.4811401367187,1.0170871019363403,23809.486328125,166.69000244140625,1775.51611328125
2022-08-09,389.9265747070313,1.0197629928588867,23164.318359375,167.1999969482422,1703.0250244140625
2022-08-10,398.11663818359375,1.0208144187927246,23947.642578125,166.77999877929688,1851.74267578125
2022-08-11,398.11663818359375,1.0300782918930054,23957.529296875,166.33999633789062,1881.22412109375
2022-08-12,404.8562927246094,1.0316723585128784,24402.818359375,167.8699951171875,1957.2464599609375
2022-08-15,406.524658203125,1.0256409645080566,24136.97265625,165.7100067138672,1904.2281494140625
2022-08-16,407.3209533691406,1.0161981582641602,23883.291015625,165.4199981689453,1878.139404296875
2022-08-17,404.42974853515625,1.0170663595199585,23335.998046875,164.35000610351562,1832.9996337890625
2022-08-18,405.6052551269531,1.0180189609527588,23212.73828125,163.9199981689453,1847.0078125
2022-08-19,400.1546020507813,1.0089900493621826,20877.552734375,162.72000122070312,1612.9873046875
2022-08-22,391.8224182128906,1.0035223960876465,21398.908203125,161.63999938964844,1622.505859375
2022-08-23,390.87457275390625,0.9939467906951904,21528.087890625,162.77000427246094,1662.7698974609375
2022-08-24,392.125732421875,0.9966909885406494,21395.01953125,163.25,1657.0592041015625
2022-08-25,397.6616516113281,0.9969095587730408,21600.904296875,163.75,1696.45703125
2022-08-26,384.2012023925781,0.9971283078193665,20260.01953125,161.75999450683594,1507.7828369140625
2022-08-29,381.6607360839844,0.993867814540863,20297.994140625,161.86000061035156,1553.037353515625
2022-08-30,377.470947265625,1.0014019012451172,19796.80859375,160.50999450683594,1523.8388671875
2022-08-31,374.5987243652344,1.0025062561035156,20049.763671875,159.27000427246094,1553.6849365234375
2022-09-01,375.7742004394531,1.003905177116394,20127.140625,157.8699951171875,1586.1767578125
2022-09-02,371.8118896484375,0.995232880115509,19969.771484375,159.25999450683594,1577.220458984375
2022-09-06,370.4089965820313,0.9952229857444764,18837.66796875,158.3300018310547,1561.74853515625
2022-09-07,377.0633544921875,0.98979514837265,19290.32421875,159.94000244140625,1629.9063720703125
2022-09-08,379.5279235839844,0.9995701909065248,19329.833984375,158.97999572753906,1635.34765625
2022-09-09,385.4239807128906,1.0012015104293823,21381.15234375,159.82000732421875,1719.08544921875
2022-09-12,389.56640625,1.0071406364440918,22370.44921875,160.6300048828125,1713.7652587890625
2022-09-13,372.6271057128906,1.0129557847976685,20296.70703125,158.5399932861328,1580.7879638671875
2022-09-14,374.0489196777344,0.9982032775878906,20241.08984375,157.92999267578125,1634.7550048828125
2022-09-15,369.80224609375,0.9984025359153748,19701.2109375,154.97999572753906,1471.6934814453125
2022-09-16,366.9810485839844,0.9988313317298888,19772.583984375,155.83999633789062,1432.44775390625
2022-09-19,369.8269348144531,1.002234935760498,19544.12890625,155.9600067138672,1377.5413818359375
2022-09-20,365.58197021484375,1.0029587745666504,18890.7890625,155.07000732421875,1324.38818359375
2022-09-21,359.2048034667969,0.997078537940979,18547.400390625,155.7899932861328,1252.6077880859375
2022-09-22,356.1875915527344,0.983071506023407,19413.55078125,155.6999969482422,1327.68017578125
2022-09-23,350.2196960449219,0.9841550588607788,19297.638671875,153.00999450683594,1328.259521484375
2022-09-26,346.7550354003906,0.968992292881012,19222.671875,151.22999572753906,1335.3201904296875
2022-09-27,345.869873046875,0.9623712301254272,19110.546875,151.5399932861328,1330.127685546875
2022-09-28,352.6753234863281,0.959619164466858,19426.720703125,154.69000244140625,1337.410888671875
2022-09-29,345.3083190917969,0.9708172082901,19573.05078125,154.66000366210938,1335.65234375
2022-09-30,339.96856689453125,0.9829555749893188,19431.7890625,154.6699981689453,1327.9786376953125
2022-10-03,348.9442443847656,0.9792688488960266,19623.580078125,158.42999267578125,1323.439208984375
2022-10-04,359.7568664550781,0.983206868171692,20336.84375,160.6999969482422,1362.1265869140625
2022-10-05,358.9192810058594,0.998432457447052,20160.716796875,159.80999755859375,1352.837158203125
2022-10-06,355.2167053222656,0.9910998940467834,19955.443359375,159.6300048828125,1351.70947265625
2022-10-07,345.3083190917969,0.9789045453071594,19546.849609375,157.8800048828125,1332.5169677734375
2022-10-10,342.6717529296875,0.9735012650489808,19141.484375,155.47999572753906,1291.337646484375
2022-10-11,340.5015869140625,0.9710057377815248,19051.41796875,155.16000366210938,1279.57568359375
2022-10-12,339.3785095214844,0.9700167775154114,19157.4453125,155.99000549316406,1294.9063720703125
2022-10-13,348.3351135253906,0.9707984328269958,19382.904296875,154.91000366210938,1288.1239013671875
2022-10-14,340.39697265625,0.975134015083313,19185.65625,152.97999572753906,1297.422119140625
2022-10-17,349.14410400390625,0.973937451839447,19550.7578125,153.4199981689453,1331.713623046875
2022-10-18,353.24639892578125,0.9846396446228028,19334.416015625,153.75,1310.447021484375
2022-10-19,350.7431640625,0.9863878488540648,19139.53515625,151.69000244140625,1285.7442626953125
2022-10-20,347.8020324707031,0.9766482710838318,19053.740234375,151.4499969482422,1283.200927734375
2022-10-21,356.2541809082031,0.9778899550437928,19172.46875,154.14999389648438,1299.9464111328125
2022-10-24,360.6134643554687,0.9860085844993592,19345.572265625,153.64999389648438,1344.99853515625
2022-10-25,366.3719482421875,0.9886503219604492,20095.857421875,154.0,1461.6654052734375
2022-10-26,363.6116943359375,0.9963731169700624,20770.44140625,154.97999572753906,1566.566650390625
2022-10-27,361.669921875,1.009193778038025,20285.8359375,154.74000549316406,1514.3748779296875
2022-10-28,370.27435302734375,0.9967803955078124,20595.3515625,153.16000366210938,1555.4779052734375
2022-10-31,367.5997314453125,0.9955002665519714,20495.7734375,151.91000366210938,1572.7144775390625
2022-11-01,365.99114990234375,0.9886307716369628,20485.2734375,153.4600067138672,1579.70458984375
2022-11-02,356.8061828613281,0.9877909421920776,20159.50390625,152.38999938964844,1519.7117919921875
2022-11-03,353.1322021484375,0.9814409017562866,20209.98828125,151.80999755859375,1531.541748046875
2022-11-04,358.21484375,0.9749630093574524,21147.23046875,156.47000122070312,1645.0933837890625
2022-11-07,361.6414489746094,0.9928810596466064,20602.81640625,155.85000610351562,1568.59130859375
2022-11-08,363.5926208496094,1.0018634796142578,18541.271484375,159.4499969482422,1332.8355712890625
2022-11-09,356.10186767578125,1.008084774017334,15880.7802734375,158.64999389648438,1100.1697998046875
2022-11-10,375.671142578125,1.0019538402557373,17586.771484375,163.47999572753906,1299.464599609375
2022-11-11,379.3070983886719,1.0192224979400637,17034.29296875,164.55999755859375,1287.2210693359375
2022-11-14,376.0803833007813,1.0328551530838013,16618.19921875,164.9199981689453,1241.604248046875
2022-11-15,379.2879638671875,1.0319278240203855,16884.61328125,165.5,1251.7362060546875
2022-11-16,376.3945617675781,1.0357863903045654,16669.439453125,165.1199951171875,1215.6025390625
2022-11-17,375.2428283691406,1.039501070976257,16687.517578125,163.9199981689453,1200.80859375
2022-11-18,376.9465942382813,1.036172866821289,16697.77734375,162.7899932861328,1212.30029296875
2022-11-21,375.575927734375,1.0330898761749268,15787.2841796875,161.8800048828125,1108.35302734375
2022-11-22,380.6300964355469,1.0245691537857056,16189.76953125,162.07000732421875,1135.1734619140625
2022-11-23,383.0286560058594,1.0311086177825928,16610.70703125,163.0800018310547,1183.1995849609375
2022-11-25,382.94293212890625,1.040810227394104,16521.841796875,163.22000122070312,1198.9259033203125
2022-11-28,376.8323364257813,1.0367528200149536,16217.322265625,161.92999267578125,1170.086181640625
2022-11-29,376.1851501464844,1.034554123878479,16444.982421875,162.72999572753906,1216.9012451171875
2022-11-30,388.03521728515625,1.0324499607086182,17168.56640625,164.80999755859375,1295.6885986328125
2022-12-01,387.7496643066406,1.042535424232483,16967.1328125,167.83999633789062,1276.27392578125
2022-12-02,387.3022155761719,1.052842140197754,17088.66015625,167.25999450683594,1294.3033447265625
2022-12-05,380.3350830078125,1.0544185638427734,16974.826171875,164.38999938964844,1259.6767578125
2022-12-06,374.8525390625,1.0496923923492432,17089.50390625,164.83999633789062,1271.65380859375
2022-12-07,374.21490478515625,1.0469011068344116,16848.126953125,166.3300018310547,1232.4375
2022-12-08,377.1464538574219,1.051325798034668,17233.474609375,166.47000122070312,1281.1163330078125
2022-12-09,374.32904052734375,1.0559661388397217,17133.15234375,167.05999755859375,1264.2847900390625
2022-12-12,379.7258911132813,1.0522217750549316,17206.4375,165.67999267578125,1274.6190185546875
2022-12-13,382.600341796875,1.0541739463806152,17781.318359375,168.50999450683594,1320.5491943359375
2022-12-14,380.1541748046875,1.062665343284607,17815.650390625,168.10000610351562,1309.3287353515625
2022-12-15,370.85504150390625,1.0676347017288208,17364.865234375,165.35000610351562,1266.3538818359375
2022-12-16,366.4766540527344,1.064056158065796,16647.484375,166.7899932861328,1168.2593994140625
2022-12-19,363.3689880371094,1.05850350856781,16439.6796875,166.32000732421875,1167.60986328125
2022-12-20,363.86627197265625,1.0614584684371948,16906.3046875,169.0800018310547,1217.70361328125
2022-12-21,369.3069763183594,1.062699317932129,16817.53515625,168.8000030517578,1213.5999755859375
2022-12-22,364.038330078125,1.0610079765319824,16830.341796875,166.75999450683594,1218.18212890625
2022-12-23,366.1324157714844,1.060333013534546,16796.953125,167.25999450683594,1220.159423828125
2022-12-27,364.68853759765625,1.064022183418274,16717.173828125,168.6699981689453,1212.7916259765625
2022-12-28,360.1562194824219,1.0637166500091553,16552.572265625,167.91000366210938,1189.986083984375
2022-12-29,366.63916015625,1.062925100326538,16642.341796875,168.85000610351562,1201.5953369140625
2022-12-30,365.6734313964844,1.066075325012207,16602.5859375,169.63999938964844,1199.2327880859375
2023-01-03,364.1340026855469,1.0677714347839355,16679.857421875,171.05999755859375,1214.77880859375
2023-01-04,366.9451599121094,1.0546854734420776,16863.23828125,172.6699981689453,1256.526611328125
2023-01-05,362.7570495605469,1.0606365203857422,16836.736328125,170.52000427246094,1250.4385986328125
2023-01-06,371.0758056640625,1.0522217750549316,16951.96875,173.7100067138672,1269.3790283203125
2023-01-09,370.8653869628906,1.0656323432922363,17196.5546875,174.10000610351562,1321.5389404296875
2023-01-10,373.46630859375,1.073318362236023,17446.29296875,174.74000549316406,1336.5860595703125
2023-01-11,378.18988037109375,1.0738946199417114,17934.896484375,174.6199951171875,1387.9327392578125
2023-01-12,379.5667419433594,1.0766000747680664,18869.587890625,176.63999938964844,1417.9384765625
2023-01-13,381.0392456054687,1.0860239267349243,19909.57421875,178.75999450683594,1451.6148681640625
2023-01-17,380.3412780761719,1.083012938499451,21161.51953125,177.58999633789062,1567.8460693359375
2023-01-18,374.3364562988281,1.0793308019638062,20688.78125,177.0800018310547,1515.5069580078125
2023-01-19,371.6112976074219,1.0797853469848633,21086.79296875,179.88999938964844,1552.5565185546875
2023-01-20,378.5340576171875,1.083388328552246,22676.552734375,179.2899932861328,1659.754150390625
2023-01-23,383.075927734375,1.086507797241211,22934.431640625,179.6300048828125,1628.2510986328125
2023-01-24,382.6647644042969,1.0874292850494385,22636.46875,180.27999877929688,1556.604248046875
2023-01-25,382.8082275390625,1.088814616203308,23117.859375,181.11000061035156,1611.7110595703125
2023-01-26,387.0154418945313,1.0922038555145264,23032.77734375,179.47000122070312,1603.10595703125
2023-01-27,387.9046936035156,1.0894432067871094,23078.728515625,179.22000122070312,1598.156494140625
2023-01-30,383.0377197265625,1.0871455669403076,22840.138671875,178.75999450683594,1567.3265380859375
2023-01-31,388.6696472167969,1.0850694179534912,23139.283203125,179.41000366210938,1586.535400390625
2023-02-01,392.80035400390625,1.0860947370529177,23723.76953125,181.6699981689453,1641.792724609375
2023-02-02,398.518310546875,1.1012852191925049,23471.87109375,177.89999389648438,1643.2415771484375
2023-02-03,394.282470703125,1.09051251411438,23449.322265625,173.4600067138672,1664.74560546875
2023-02-06,391.8728942871094,1.079086184501648,22760.109375,173.82000732421875,1616.2470703125
2023-02-07,396.99798583984375,1.0730764865875244,23264.291015625,173.97999572753906,1672.0035400390625
2023-02-08,392.6568908691406,1.0729728937149048,22939.3984375,174.41000366210938,1650.716796875
2023-02-09,389.2528991699219,1.0715816020965576,21819.0390625,173.02999877929688,1546.438232421875
2023-02-10,390.1612548828125,1.0742292404174805,21651.18359375,173.36000061035156,1514.869140625
2023-02-13,394.7413330078125,1.0677714347839355,21808.1015625,172.47999572753906,1507.1658935546875
2023-02-14,394.5597229003906,1.073041915893555,22220.8046875,172.61000061035156,1556.8751220703125
2023-02-15,395.8410034179687,1.0735719203948977,24307.841796875,170.88999938964844,1673.7459716796875
2023-02-16,390.3907165527344,1.0691757202148438,23623.474609375,170.75,1640.067626953125
2023-02-17,389.4154968261719,1.0665756464004517,24565.6015625,171.25999450683594,1694.7833251953125
2023-02-21,381.6033935546875,1.068261981010437,24436.353515625,170.6199951171875,1658.036376953125
2023-02-22,381.07757568359375,1.065200924873352,24188.84375,169.66000366210938,1643.231689453125
2023-02-23,383.1046752929687,1.0605803728103638,23947.4921875,169.57000732421875,1651.0738525390625
2023-02-24,379.0121765136719,1.0598047971725464,23198.126953125,168.35000610351562,1608.3731689453125
2023-02-27,380.3030700683594,1.055475831031799,23522.87109375,169.00999450683594,1634.326416015625
2023-02-28,378.8974304199219,1.0611205101013184,23147.353515625,169.77999877929688,1605.8951416015625
2023-03-01,377.4440307617187,1.0577309131622314,23646.55078125,170.75999450683594,1663.4337158203125
2023-03-02,380.3795471191406,1.066894292831421,23475.466796875,170.66000366210938,1647.3193359375
2023-03-03,386.4800109863281,1.0599732398986816,22362.6796875,172.49000549316406,1569.1676025390625
2023-03-06,386.7477111816406,1.0626201629638672,22429.7578125,171.6199951171875,1567.398681640625
2023-03-07,380.8193359375,1.0688328742980957,22219.76953125,168.6199951171875,1561.93310546875
2023-03-08,381.4408874511719,1.05507493019104,21718.080078125,168.5399932861328,1534.0882568359375
2023-03-09,374.4033508300781,1.0549525022506714,20363.021484375,170.1999969482422,1438.6607666015625
2023-03-10,369.0010070800781,1.0584698915481567,20187.244140625,173.8699951171875,1429.1580810546875
2023-03-13,368.47503662109375,1.0683646202087402,24197.533203125,177.86000061035156,1680.3089599609375
2023-03-14,374.5659484863281,1.0725010633468628,24746.07421875,176.8300018310547,1703.507080078125
2023-03-15,372.2233276367187,1.0727657079696655,24375.9609375,178.2100067138672,1656.1805419921875
2023-03-16,378.7539978027344,1.0583354234695437,25052.7890625,178.57000732421875,1677.2154541015625
2023-03-17,374.3253479003906,1.0614134073257446,27423.9296875,183.77000427246097,1792.485107421875
2023-03-20,377.9247741699219,1.0678855180740356,27767.236328125,183.83999633789065,1735.3212890625
2023-03-21,382.8870544433594,1.071914792060852,28175.81640625,180.3699951171875,1806.7607421875
2023-03-22,376.3601684570313,1.0774236917495728,27307.4375,183.44000244140625,1737.717041015625
2023-03-23,377.377685546875,1.0870392322540283,28333.97265625,185.7400054931641,1816.4051513671875
2023-03-24,379.8539733886719,1.0835057497024536,27493.28515625,183.6499938964844,1752.0447998046875
2023-03-27,380.5642395019531,1.077818512916565,27139.888671875,181.9499969482422,1715.4608154296875
2023-03-28,379.7099914550781,1.0807071924209597,27268.130859375,183.44000244140625,1772.78564453125
2023-03-29,385.22906494140625,1.0839520692825315,28348.44140625,182.52999877929688,1793.0018310546875
2023-03-30,387.4846496582031,1.0843634605407717,28033.5625,184.17999267578125,1792.7371826171875
2023-03-31,392.9461059570313,1.0904649496078491,28478.484375,183.22000122070312,1822.0220947265625
2023-04-03,394.44342041015625,1.080333590507507,27790.220703125,184.5399932861328,1810.297119140625
2023-04-04,392.2550964355469,1.091226577758789,28168.08984375,187.97999572753903,1871.005126953125
2023-04-05,391.2279968261719,1.0960105657577517,28177.984375,187.8300018310547,1909.114013671875
2023-04-06,392.7542114257813,1.090334177017212,28044.140625,186.4900054931641,1872.922607421875
2023-04-10,393.1572570800781,1.0913575887680054,29652.98046875,185.11000061035156,1911.20751953125
2023-04-11,393.2628479003906,1.086932897567749,30235.05859375,186.27999877929688,1892.189697265625
2023-04-12,391.659912109375,1.0917507410049438,30139.052734375,187.19000244140625,1920.68212890625
2023-04-13,396.86224365234375,1.0999890565872192,30399.06640625,189.72000122070312,2012.6346435546875
2023-04-14,395.8927612304687,1.1054610013961792,30485.69921875,186.36000061035156,2101.635498046875
2023-04-17,397.3133544921875,1.098659634590149,29445.044921875,185.52999877929688,2076.242919921875
2023-04-18,397.5725402832031,1.0925379991531372,30397.552734375,186.25,2104.537353515625
2023-04-19,397.50531005859375,1.0975382328033447,28822.6796875,185.36000061035156,1936.4034423828125
2023-04-20,395.3361206054687,1.095218300819397,28245.98828125,186.08999633789065,1943.09765625
2023-04-21,395.6432800292969,1.0970927476882937,27276.91015625,184.25,1849.9998779296875
2023-04-24,396.0559997558594,1.0992271900177002,27525.33984375,184.80999755859375,1842.7574462890625
2023-04-25,389.76910400390625,1.1059499979019165,28307.59765625,185.75,1866.753662109375
2023-04-26,388.1181945800781,1.0978394746780396,28422.701171875,184.7400054931641,1866.564208984375
2023-04-27,395.84478759765625,1.1047282218933103,29473.787109375,184.75,1908.786376953125
2023-04-28,399.2234497070313,1.1032048463821411,29340.26171875,184.8000030517578,1892.5128173828125
2023-05-01,398.8203125,1.1010911464691162,28091.568359375,183.97000122070312,1831.954833984375
2023-05-02,394.3378601074219,1.0969241857528689,28680.537109375,187.52000427246097,1870.789306640625
2023-05-03,391.6310729980469,1.1010911464691162,29006.30859375,189.11000061035156,1904.65185546875
2023-05-04,388.8572387695313,1.1068925857543943,28847.7109375,190.44000244140625,1877.7041015625
2023-05-05,396.0559997558594,1.102292776107788,29534.384765625,187.4600067138672,1995.0609130859375
2023-05-08,396.1615295410156,1.10186767578125,27694.2734375,187.69000244140625,1849.042724609375
2023-05-09,394.42425537109375,1.0996140241622925,27658.775390625,189.02000427246097,1848.6031494140625
2023-05-10,396.26715087890625,1.096467137336731,27621.755859375,188.75,1842.4014892578125
2023-05-11,395.5760803222656,1.098406195640564,27000.7890625,187.1300048828125,1796.4906005859375
2023-05-12,395.0577697753906,1.0912145376205444,26804.990234375,186.80999755859375,1808.019775390625
2023-05-15,396.4207153320313,1.0852696895599363,27192.693359375,187.2100067138672,1817.5499267578125
2023-05-16,393.7715759277344,1.0873701572418213,27036.650390625,184.8699951171875,1824.1214599609375
2023-05-17,398.5515747070313,1.0865668058395386,27398.802734375,184.22999572753903,1821.859619140625
2023-05-18,402.3908386230469,1.0838346481323242,26832.208984375,181.83999633789065,1801.728515625
2023-05-19,401.8053283691406,1.0775396823883057,26890.12890625,183.63999938964844,1812.5894775390625
2023-05-22,401.9685668945313,1.0822745561599731,26851.27734375,183.2100067138672,1817.5347900390625
2023-05-23,397.457275390625,1.0811045169830322,27225.7265625,183.42999267578125,1854.380615234375
2023-05-24,394.5778198242187,1.076971173286438,26334.818359375,181.9499969482422,1800.0999755859375
2023-05-25,397.9947814941406,1.0757315158843994,26476.20703125,180.1999969482422,1805.9537353515625
2023-05-26,403.1491088867187,1.072443604469299,26719.291015625,180.9199981689453,1828.689697265625
2023-05-30,403.3027038574219,1.0707669258117676,27702.349609375,182.0399932861328,1901.026611328125
2023-05-31,401.0663146972656,1.073306918144226,27219.658203125,182.32000732421875,1874.1304931640625
2023-06-01,404.8768005371094,1.0695186853408811,26819.97265625,183.7599945068359,1862.201416015625
2023-06-02,410.7318115234375,1.0760787725448608,27249.58984375,181.0500030517578,1907.256591796875
2023-06-05,409.9447937011719,1.0698620080947876,25760.09765625,182.13999938964844,1811.828369140625
2023-06-06,410.83740234375,1.0711798667907717,27238.783203125,182.33999633789065,1884.494873046875
2023-06-07,409.4168701171875,1.0698047876358032,26345.998046875,180.1499938964844,1832.39599609375
2023-06-08,411.8932495117187,1.0707440376281738,26508.216796875,182.52999877929688,1846.3018798828125
2023-06-09,412.63226318359375,1.078271746635437,26480.375,182.0399932861328,1840.2252197265625
2023-06-12,416.3755798339844,1.0750954151153564,25902.5,181.8800048828125,1742.5286865234375
2023-06-13,419.1207885742187,1.0762988328933716,25918.728515625,180.5399932861328,1739.03759765625
2023-06-14,419.619873046875,1.078934907913208,25124.67578125,180.63999938964844,1650.519287109375
2023-06-15,424.82220458984375,1.084304690361023,25576.39453125,181.91000366210935,1665.519775390625
2023-06-16,423.3751525878906,1.0945948362350464,26327.462890625,181.6300048828125,1716.6688232421875
2023-06-20,421.1785888671875,1.0924304723739624,28327.48828125,179.75,1792.1199951171875
2023-06-21,419.0205383300781,1.0920368432998655,30027.296875,179.49000549316406,1891.0072021484375
2023-06-22,420.5331726074219,1.0992635488510132,29912.28125,177.7100067138672,1872.9429931640625
2023-06-23,417.35394287109375,1.0958904027938845,30695.46875,178.1999969482422,1892.862060546875
2023-06-26,415.6486511230469,1.0906671285629272,30271.130859375,178.50999450683594,1859.432861328125
2023-06-27,420.2055358886719,1.091048002243042,30688.1640625,177.69000244140625,1889.703369140625
2023-06-28,420.41754150390625,1.0957223176956177,30086.24609375,177.27999877929688,1827.97119140625
2023-06-29,422.0745544433594,1.0915838479995728,30445.3515625,177.08999633789062,1852.227294921875
2023-06-30,427.0553588867187,1.086802959442139,30477.251953125,178.27000427246094,1933.18896484375
2023-07-03,427.5466918945313,1.0907504558563232,31156.439453125,178.47000122070312,1955.38916015625
2023-07-05,426.9107971191406,1.0884946584701538,30514.166015625,177.83999633789062,1910.5880126953125
2023-07-06,423.56781005859375,1.0856584310531616,29909.337890625,177.30999755859375,1848.636474609375
2023-07-07,422.4984130859375,1.0890636444091797,30342.265625,178.63999938964844,1870.6025390625
2023-07-10,423.56781005859375,1.0969723463058472,30414.470703125,178.77999877929688,1880.556396484375
2023-07-11,426.265380859375,1.100594401359558,30620.951171875,179.4499969482422,1878.3360595703125
2023-07-12,429.6950073242187,1.101406455039978,30391.646484375,181.8800048828125,1872.11376953125
2023-07-13,433.10546875,1.1144545078277588,31476.048828125,182.0099945068359,2006.511474609375
2023-07-14,432.835693359375,1.1223469972610474,30334.068359375,181.42999267578125,1939.3470458984375
2023-07-17,434.338623046875,1.1227755546569824,30145.888671875,181.55999755859375,1911.6461181640625
2023-07-18,437.5660095214844,1.123759627342224,29856.5625,183.63999938964844,1897.5992431640625
2023-07-19,438.53900146484375,1.1228890419006348,29913.923828125,183.6699981689453,1889.0079345703125
2023-07-20,435.6295776367187,1.120523452758789,29792.015625,182.7400054931641,1890.9691162109375
2023-07-21,435.6295776367187,1.113709807395935,29908.744140625,182.17999267578125,1892.080078125
2023-07-24,437.5756530761719,1.112532615661621,29176.916015625,181.3999938964844,1850.0020751953125
2023-07-25,438.7702941894531,1.1063170433044434,29227.390625,182.41000366210935,1857.741943359375
2023-07-26,438.8377380371094,1.1050456762313845,29354.97265625,183.3000030517578,1872.159912109375
2023-07-27,435.92822265625,1.1078368425369265,29210.689453125,180.4199981689453,1860.357177734375
2023-07-28,440.1961059570313,1.0978755950927734,29319.24609375,181.86000061035156,1874.744873046875
2023-07-31,441.0342712402344,1.1024264097213743,29230.111328125,182.3500061035156,1856.162353515625
2023-08-01,439.772216796875,1.0997591018676758,29675.732421875,180.4600067138672,1871.7921142578125
2023-08-02,433.6546020507813,1.100788116455078,29151.958984375,179.60000610351562,1839.0897216796875
2023-08-03,432.4118347167969,1.0944151878356934,29178.6796875,179.5399932861328,1835.136474609375
2023-08-04,430.45611572265625,1.095158338546753,29074.091796875,180.19000244140625,1827.712890625
2023-08-07,434.21337890625,1.1002674102783203,29180.578125,179.77999877929688,1826.9388427734375
2023-08-08,432.3251037597656,1.100315809249878,29765.4921875,178.63999938964844,1855.807373046875
2023-08-09,429.4349060058594,1.0958904027938845,29561.494140625,177.7899932861328,1854.297607421875
2023-08-10,429.589111328125,1.0977671146392822,29429.591796875,177.60000610351562,1850.75341796875
2023-08-11,429.338623046875,1.0981649160385132,29397.71484375,177.60000610351562,1847.1243896484375
2023-08-14,431.70855712890625,1.094439148902893,29408.443359375,177.05999755859375,1844.185791015625
2023-08-15,426.6795654296875,1.0909883975982666,29170.34765625,176.58999633789062,1826.9327392578125
2023-08-16,423.5485534667969,1.0904173851013184,28701.779296875,175.57000732421875,1805.6590576171875
2023-08-17,420.3211669921875,1.0874884128570557,26664.55078125,175.3000030517578,1684.9334716796875
2023-08-18,420.5234680175781,1.0874648094177246,26049.556640625,175.3300018310547,1660.945068359375
2023-08-21,423.259521484375,1.087559461593628,26124.140625,175.80999755859375,1667.26904296875
2023-08-22,422.113037109375,1.0898351669311523,26031.65625,176.10000610351562,1633.892578125
2023-08-23,426.8144836425781,1.0846692323684692,26431.640625,177.88999938964844,1679.2744140625
2023-08-24,420.8992919921875,1.086578607559204,26162.373046875,177.85000610351562,1659.944580078125
2023-08-25,423.8664245605469,1.07991361618042,26047.66796875,177.6199951171875,1652.93505859375
2023-08-28,426.5543823242187,1.0797386169433594,26106.150390625,178.1300048828125,1652.4573974609375
2023-08-29,432.7201843261719,1.082555651664734,27727.392578125,179.8699951171875,1729.7257080078125
2023-08-30,434.5024108886719,1.0869210958480835,27297.265625,180.32000732421875,1705.1121826171875
2023-08-31,433.8666076660156,1.0932546854019165,25931.47265625,180.02000427246094,1645.63916015625
2023-09-01,434.6758117675781,1.0844104290008545,25800.724609375,180.11000061035156,1628.4912109375
2023-09-05,432.7972106933594,1.0794472694396973,25779.982421875,178.63999938964844,1633.62939453125
2023-09-06,429.88775634765625,1.0726161003112793,25753.236328125,177.8300018310547,1632.2523193359375
2023-09-07,428.5679016113281,1.0724204778671265,26240.1953125,178.02000427246094,1647.5982666015625
2023-09-08,429.21331787109375,1.0697818994522097,25905.654296875,178.0800018310547,1636.1378173828125
2023-09-11,432.0361328125,1.071811318397522,25162.654296875,178.41000366210938,1551.6376953125
2023-09-12,429.6661071777344,1.0750375986099243,25833.34375,177.49000549316406,1592.429443359375
2023-09-13,430.1671447753906,1.075326681137085,26228.32421875,177.0800018310547,1607.988525390625
2023-09-14,433.8762512207031,1.073422074317932,26539.673828125,177.1699981689453,1626.974365234375
2023-09-15,428.6487121582031,1.0637166500091553,26608.693359375,178.33999633789062,1641.640380859375
2023-09-18,428.9000854492187,1.0668259859085083,26754.28125,179.38999938964844,1637.3470458984375
2023-09-19,428.0106506347656,1.0692671537399292,27211.1171875,179.22000122070312,1643.544677734375
2023-09-20,424.0757751464844,1.0682048797607422,27132.0078125,179.35000610351562,1622.890625
2023-09-21,417.0664978027344,1.065303087234497,26567.6328125,178.0500030517578,1584.3070068359375
2023-09-22,416.1286315917969,1.0661548376083374,26579.568359375,178.6199951171875,1593.268310546875
2023-09-25,417.8786010742187,1.0648492574691772,26298.48046875,177.6999969482422,1588.3228759765625
2023-09-26,411.7394409179687,1.0591648817062378,26217.25,176.27999877929688,1593.417236328125
2023-09-27,411.90374755859375,1.0569483041763306,26352.716796875,174.10000610351562,1597.4912109375
2023-09-28,414.291748046875,1.0505305528640747,27021.546875,173.22999572753906,1652.8826904296875
2023-09-29,413.2863159179687,1.0562450885772705,26911.720703125,171.4499969482422,1667.94384765625
2023-10-02,413.1219787597656,1.0565240383148191,27530.78515625,169.64999389648438,1663.6275634765625
2023-10-03,407.59185791015625,1.0480751991271973,27429.978515625,169.16000366210938,1656.6856689453125
2023-10-04,410.55999755859375,1.0472300052642822,27799.39453125,169.13999938964844,1647.838134765625
2023-10-05,410.4052429199219,1.0507071018218994,27415.912109375,168.8300018310547,1611.4764404296875
2023-10-06,415.27783203125,1.0546631813049316,27946.59765625,169.6999969482422,1645.83154296875
2023-10-09,417.9366149902344,1.056747317314148,27583.677734375,172.82000732421875,1579.806640625
2023-10-10,420.1119384765625,1.0578875541687012,27391.01953125,172.52999877929688,1567.7130126953125
2023-10-11,421.8328247070313,1.0604791641235352,26873.3203125,173.7899932861328,1566.2547607421875
2023-10-12,419.2611389160156,1.0624282360076904,26756.798828125,173.25999450683594,1539.6124267578125
2023-10-13,417.17279052734375,1.0536741018295288,26862.375,178.8300018310547,1552.0894775390625
2023-10-16,421.56207275390625,1.052155375480652,28519.466796875,177.9600067138672,1600.5343017578125
2023-10-17,421.5426940917969,1.055431246757507,28415.748046875,178.2899932861328,1565.4395751953125
2023-10-18,415.9256591796875,1.057305932044983,28328.341796875,180.8699951171875,1563.7498779296875
2023-10-19,412.2711486816406,1.053851842880249,28719.806640625,183.08999633789065,1567.45703125
2023-10-20,407.2052307128906,1.0586491823196411,29682.94921875,183.58999633789065,1604.6668701171875
2023-10-23,406.4993591308594,1.0589966773986816,33086.234375,182.97000122070312,1765.3826904296875
2023-10-24,409.5641479492187,1.0669853687286377,33901.52734375,182.9499969482422,1784.4375
2023-10-25,403.6860046386719,1.059535264968872,34502.8203125,183.72000122070312,1787.3975830078125
2023-10-26,398.85198974609375,1.056725025177002,34156.6484375,184.0099945068359,1804.039306640625
2023-10-27,397.0440979003906,1.0564459562301636,33909.80078125,186.1499938964844,1780.0452880859375
2023-10-30,401.7911376953125,1.0562450885772705,34502.36328125,185.1000061035156,1810.088623046875
2023-10-31,404.314453125,1.061503529548645,34667.78125,184.08999633789065,1816.458984375
2023-11-01,408.6263732910156,1.0579099655151367,35437.25390625,183.5099945068359,1847.0897216796875
2023-11-02,416.4573974609375,1.05870521068573,34938.2421875,184.1199951171875,1800.6209716796875
2023-11-03,420.2569274902344,1.061909317970276,34732.32421875,184.7899932861328,1832.795166015625
2023-11-06,421.22369384765625,1.073214769363403,35037.37109375,183.3500061035156,1899.83740234375
2023-11-07,422.4225463867187,1.0721560716629028,35443.5625,182.58999633789065,1888.124267578125
2023-11-08,422.7319030761719,1.0696102380752563,35655.27734375,180.77000427246097,1889.3223876953125
2023-11-09,419.43511962890625,1.07104229927063,36693.125,181.4900054931641,2120.56103515625
2023-11-10,425.9803771972656,1.0667576789855957,37313.96875,179.50999450683594,2078.289794921875
2023-11-13,425.57427978515625,1.069015622138977,36502.35546875,180.5099945068359,2055.265380859375
2023-11-14,433.8307495117187,1.0701825618743896,35537.640625,182.1199951171875,1979.0526123046875
2023-11-15,434.7491455078125,1.0878314971923828,37880.58203125,181.63999938964844,2060.408447265625
2023-11-16,435.2809448242187,1.0854581594467163,36154.76953125,183.69000244140625,1960.881591796875
2023-11-17,435.82232666015625,1.0853756666183472,36596.68359375,183.6699981689453,1961.28076171875
2023-11-20,439.1771240234375,1.090702772140503,37476.95703125,183.3699951171875,2022.2391357421875
2023-11-21,438.2200012207031,1.0945948362350464,35813.8125,185.3500061035156,1937.0667724609375
2023-11-22,439.9118957519531,1.0918222665786743,37432.33984375,184.55999755859375,2064.42529296875
2023-11-24,440.1825866699219,1.0906314849853516,37720.28125,185.52000427246097,2081.152099609375
2023-11-27,439.3898315429687,1.0940439701080322,37254.16796875,186.77000427246097,2027.4173583984375
2023-11-28,439.8248596191406,1.095842361450195,37831.0859375,189.2599945068359,2049.338134765625
2023-11-29,439.5155029296875,1.100594401359558,37858.4921875,189.5399932861328,2029.92919921875
2023-11-30,441.2460632324219,1.0973695516586304,37712.74609375,188.75,2052.55615234375
2023-12-01,443.8564758300781,1.089205980300903,38688.75,192.0099945068359,2087.139892578125
2023-12-04,441.52642822265625,1.088814616203308,41980.09765625,187.86000061035156,2243.2158203125
2023-12-05,441.4394836425781,1.0837758779525757,44080.6484375,187.1499938964844,2293.841796875
2023-12-06,439.6605529785156,1.0793657302856443,43746.4453125,187.83999633789065,2231.661376953125
2023-12-07,443.0153198242187,1.076669692993164,43292.6640625,188.1499938964844,2357.57958984375
2023-12-08,444.9199523925781,1.079214334487915,44166.6015625,185.63999938964844,2358.73193359375
2023-12-11,446.6504821777344,1.0765769481658936,41243.83203125,183.58999633789065,2224.578857421875
2023-12-12,448.6903991699219,1.076658010482788,41450.22265625,183.4900054931641,2202.0380859375
2023-12-13,454.8779602050781,1.0798670053482056,42890.7421875,187.6300048828125,2260.648681640625
2023-12-14,456.3377075195313,1.0886130332946775,43023.97265625,188.72999572753903,2316.5791015625
2023-12-15,455.5863952636719,1.0993602275848389,41929.7578125,187.0,2219.33740234375
2023-12-18,458.149169921875,1.0895264148712158,42623.5390625,187.8500061035156,2217.2734375
2023-12-19,460.9350891113281,1.092382788658142,42270.52734375,189.1300048828125,2177.87255859375
2023-12-20,454.5478515625,1.0981045961380005,43652.25,188.1000061035156,2201.911376953125
2023-12-21,458.8577575683594,1.094570875167847,43869.15234375,189.42999267578125,2239.54248046875
2023-12-22,459.7799377441406,1.100618600845337,43997.90234375,190.27000427246097,2326.52490234375
2023-12-26,461.7213439941406,1.1020255088806152,42520.40234375,191.72000122070312,2231.46533203125
2023-12-27,462.5561828613281,1.1043012142181396,43442.85546875,192.58999633789065,2378.739990234375
2023-12-28,462.73095703125,1.110864281654358,42627.85546875,191.47000122070312,2347.566162109375
2023-12-29,461.3913269042969,1.1068191528320312,42099.40234375,191.1699981689453,2300.690673828125
2024-01-02,458.8092346191406,1.1038745641708374,44957.96875,190.72000122070312,2355.83642578125
2024-01-03,455.062255859375,1.0941756963729858,42848.17578125,189.1300048828125,2210.761962890625
2024-01-04,453.5964050292969,1.0927767753601074,44179.921875,189.32000732421875,2269.0380859375
2024-01-05,454.21771240234375,1.0947387218475342,44162.69140625,189.3500061035156,2268.647216796875
2024-01-08,460.7021484375,1.0942236185073853,46970.50390625,187.8699951171875,2333.03271484375
2024-01-09,460.0032043457031,1.095170259475708,46139.73046875,187.92999267578125,2344.8271484375
2024-01-10,462.604736328125,1.093242645263672,46627.77734375,187.5,2582.103515625
2024-01-11,462.40087890625,1.0975141525268557,46368.5859375,187.8699951171875,2619.619140625
2024-01-12,462.7212219238281,1.0981649160385132,42853.16796875,189.7100067138672,2524.460205078125
2024-01-16,461.02239990234375,1.094570875167847,43154.9453125,187.91000366210935,2587.691162109375
2024-01-17,458.4597473144531,1.087878942489624,42742.65234375,185.83999633789065,2528.369384765625
2024-01-18,462.5367431640625,1.0885775089263916,41262.05859375,187.3699951171875,2467.018798828125
2024-01-19,468.3027648925781,1.0879143476486206,41618.40625,187.92999267578125,2489.49853515625
2024-01-22,469.2929382324219,1.089229702949524,39507.3671875,187.22000122070312,2310.826416015625
2024-01-23,470.6616516113281,1.088020920753479,39845.55078125,187.9499969482422,2240.68603515625
2024-01-24,471.1761474609375,1.0857881307601929,40077.07421875,186.3999938964844,2233.561767578125
2024-01-25,473.7388000488281,1.088174819946289,39933.80859375,187.13999938964844,2217.710205078125
2024-01-26,473.136962890625,1.0847046375274658,41816.87109375,187.0099945068359,2267.19970703125
2024-01-29,476.8839721679687,1.0843517780303955,43288.24609375,188.3300018310547,2317.064208984375
2024-01-30,476.51507568359375,1.0834470987319946,42952.609375,188.58999633789065,2344.49365234375
2024-01-31,468.7396240234375,1.08433997631073,42582.60546875,188.4499969482422,2282.54443359375
2024-02-01,474.8746032714844,1.0803920030593872,43075.7734375,190.41000366210935,2303.82470703125
2024-02-02,479.873779296875,1.0874648094177246,43185.859375,188.61000061035156,2308.0380859375
2024-02-05,478.12646484375,1.0780043601989746,42658.66796875,187.57000732421875,2298.888916015625
2024-02-06,479.5146179199219,1.0741831064224243,43084.671875,188.5500030517578,2372.201904296875
2024-02-07,483.5139465332031,1.075719952583313,44318.22265625,188.5,2423.7451171875
2024-02-08,483.7274475097656,1.077574610710144,45301.56640625,188.3300018310547,2419.906494140625
2024-02-09,486.5231628417969,1.077725529670715,47147.19921875,187.6000061035156,2487.515625
2024-02-12,486.3096008300781,1.0798202753067017,49958.22265625,187.11000061035156,2658.115966796875
2024-02-13,479.6116638183594,1.0772264003753662,49742.44140625,184.52999877929688,2642.185302734375
2024-02-14,483.9701843261719,1.070893168449402,51826.6953125,184.4199981689453,2777.90234375
2024-02-15,487.3094177246094,1.073214769363403,51938.5546875,185.66000366210935,2824.37890625
2024-02-16,484.8826904296875,1.0773887634277344,52160.203125,186.33999633789065,2803.69140625
2024-02-20,482.2131958007813,1.0775396823883057,52284.875,187.47000122070312,3013.503662109375
2024-02-21,482.6500549316406,1.0813149213790894,51839.1796875,187.47999572753903,2970.35546875
2024-02-22,492.638671875,1.082040309906006,51304.97265625,187.55999755859375,2971.00732421875
2024-02-23,492.9783935546875,1.0825674533843994,50731.94921875,188.6199951171875,2921.658203125
2024-02-26,491.17291259765625,1.0820051431655884,54522.40234375,188.1999969482422,3178.99365234375
2024-02-27,492.0854187011719,1.0850930213928225,57085.37109375,188.0,3244.519287109375
2024-02-28,491.4350280761719,1.084481120109558,62504.7890625,188.33999633789065,3385.703857421875
2024-02-29,493.20166015625,1.0838816165924072,61198.3828125,189.30999755859375,3341.919677734375
2024-03-01,497.83197021484375,1.0804970264434814,62440.6328125,192.88999938964844,3435.053955078125
2024-03-04,497.2981567382813,1.084269404411316,68330.4140625,196.0099945068359,3630.433837890625
2024-03-05,492.32806396484375,1.0855170488357544,63801.19921875,197.19000244140625,3554.964599609375
2024-03-06,494.8227844238281,1.0855995416641235,66106.8046875,198.80999755859375,3819.226318359375
2024-03-07,499.7345886230469,1.089953899383545,66925.484375,199.94000244140625,3874.34765625
2024-03-08,496.735107421875,1.0950144529342651,68300.09375,201.6300048828125,3892.06103515625
2024-03-11,496.30804443359375,1.0942955017089844,72123.90625,202.0,4066.445068359375
2024-03-12,501.6470031738281,1.093135118484497,71481.2890625,199.7899932861328,3980.273193359375
2024-03-13,500.8606567382813,1.0927767753601074,73083.5,201.19000244140625,4006.45703125
2024-03-14,499.87054443359375,1.0955302715301514,71396.59375,200.3500061035156,3883.140380859375
2024-03-15,496.4381103515625,1.0883406400680542,69403.7734375,199.7100067138672,3735.22021484375
2024-03-18,499.3884887695313,1.0882576704025269,67548.59375,200.02999877929688,3517.985107421875
2024-03-19,502.1637268066406,1.087393879890442,61912.7734375,199.8000030517578,3157.6181640625
2024-03-20,506.8084106445313,1.0863306522369385,67913.671875,202.17999267578125,3513.39306640625
2024-03-21,508.4832763671875,1.0937210321426392,65491.390625,201.97000122070312,3492.9912109375
2024-03-22,507.5191650390625,1.0862362384796145,63778.76171875,200.3500061035156,3333.68798828125
2024-03-25,506.1170349121094,1.0807539224624634,69958.8125,200.9900054931641,3590.8837890625
2024-03-26,505.1822509765625,1.0838228464126587,69987.8359375,201.63999938964844,3587.5048828125
2024-03-27,509.427734375,1.0832358598709106,69455.34375,203.1000061035156,3500.115234375
2024-03-28,509.3304138183594,1.0813382863998413,70744.953125,205.72000122070312,3561.2939453125
2024-04-01,508.44427490234375,1.0792726278305054,69702.1484375,207.82000732421875,3505.030029296875
2024-04-02,505.2115173339844,1.0737217664718628,65446.97265625,210.88999938964844,3277.234619140625
2024-04-03,505.7665100097656,1.076855182647705,65980.8125,212.7400054931641,3311.44189453125
2024-04-04,499.593017578125,1.0838346481323242,68508.84375,211.52000427246097,3330.04052734375
2024-04-05,504.8121948242187,1.0837054252624512,67837.640625,215.13999938964844,3318.88525390625
2024-04-08,505.0945739746094,1.0830481052398682,71631.359375,216.47999572753903,3695.292724609375
2024-04-09,505.6788635253906,1.0863661766052246,69139.015625,217.6699981689453,3505.163330078125
2024-04-10,500.6154479980469,1.0859296321868896,70587.8828125,215.61000061035156,3543.737060546875
2024-04-11,504.39349365234375,1.074171543121338,70060.609375,219.8000030517578,3505.247802734375
2024-04-12,497.4313659667969,1.0726851224899292,67195.8671875,216.88999938964844,3243.034912109375
2024-04-15,491.199462890625,1.0649627447128296,63426.2109375,220.9499969482422,3101.600341796875
2024-04-16,490.3035888671875,1.0625749826431274,63811.86328125,221.22000122070312,3084.920166015625
2024-04-17,487.40185546875,1.0621461868286133,61276.69140625,219.58999633789065,2984.7275390625
2024-04-18,486.3989562988281,1.0669398307800293,63512.75390625,220.33999633789065,3066.027587890625
2024-04-19,482.1535034179687,1.0644185543060305,63843.5703125,221.02999877929688,3059.278564453125
2024-04-22,486.5937194824219,1.065825343132019,66837.6796875,215.57000732421875,3201.652099609375
2024-04-23,492.367919921875,1.065405249595642,66407.2734375,215.0399932861328,3219.91162109375
2024-04-24,492.13427734375,1.0704345703125,64276.8984375,214.63999938964844,3139.80517578125
2024-04-25,490.2646484375,1.0699878931045532,64481.70703125,215.9199981689453,3156.509521484375
2024-04-26,494.9093627929687,1.072961449623108,63755.3203125,216.6199951171875,3130.164794921875
2024-04-29,496.662109375,1.0706866979599,63841.12109375,216.17999267578125,3215.428955078125
2024-04-30,488.7944030761719,1.0715701580047607,60636.85546875,211.8699951171875,3012.286865234375
2024-05-01,487.2071533203125,1.0666552782058716,58254.01171875,213.7899932861328,2969.78466796875
2024-05-02,491.7641906738281,1.0721560716629028,59123.43359375,213.1300048828125,2988.16845703125
2024-05-03,497.85980224609375,1.073306918144226,62889.8359375,212.9600067138672,3103.5419921875
2024-05-06,503.0010986328125,1.0758124589920044,63161.94921875,215.1999969482422,3062.728759765625
2024-05-07,503.5561218261719,1.0767507553100586,62334.81640625,214.2100067138672,3006.5771484375
2024-05-08,503.6048278808594,1.0750491619110107,61187.94140625,213.5800018310547,2973.6572265625
2024-05-09,506.5064392089844,1.0746910572052002,63049.9609375,216.9499969482422,3036.0205078125
2024-05-10,507.158935546875,1.078515887260437,60792.77734375,218.7100067138672,2909.791259765625
2024-05-13,507.2270812988281,1.077040672302246,62901.44921875,216.2599945068359,2949.359619140625
2024-05-14,509.5543212890625,1.079354166984558,61552.7890625,218.08999633789065,2881.157958984375
2024-05-15,515.8641357421875,1.0814552307128906,66267.4921875,220.88999938964844,3037.056640625
2024-05-16,514.802734375,1.0889805555343628,65231.58203125,220.02999877929688,2945.131103515625
2024-05-17,515.5427856445312,1.0867793560028076,67051.875,223.66000366210935,3094.11865234375
2024-05-20,516.13671875,1.0875475406646729,71448.1953125,224.55999755859375,3663.85546875
2024-05-21,517.4026489257812,1.086082935333252,70136.53125,224.22999572753903,3789.312744140625
2024-05-22,515.9127197265625,1.0855170488357544,69122.3359375,220.11000061035156,3737.2177734375
2024-05-23,512.1444702148438,1.0825204849243164,67929.5625,215.72000122070312,3776.92724609375
2024-05-24,515.5330810546875,1.0812681913375854,68526.1015625,215.9199981689453,3726.9345703125
2024-05-28,515.893310546875,1.0861891508102417,68296.21875,218.19000244140625,3840.25634765625
2024-05-29,512.2807006835938,1.0851871967315674,67578.09375,216.16000366210935,3763.196533203125
2024-05-30,508.8824462890625,1.0801819562911987,68364.9921875,216.57000732421875,3746.849609375
2024-05-31,513.5173950195312,1.0835410356521606,67491.4140625,215.3000030517578,3760.026611328125
2024-06-03,513.93603515625,1.0853049755096436,68804.78125,217.22000122070312,3766.38916015625
2024-06-04,514.5106201171875,1.0907385349273682,70567.765625,215.27000427246097,3812.515869140625
2024-06-05,520.6256713867188,1.0881866216659546,71082.8203125,217.82000732421875,3864.260986328125
2024-06-06,520.6159057617188,1.087453007698059,70757.1640625,219.42999267578125,3811.60595703125
2024-06-07,519.9829711914062,1.0894432067871094,69342.5859375,211.6000061035156,3678.629150390625
2024-06-10,521.5896606445312,1.077888250350952,69512.28125,213.5399932861328,3666.717529296875
2024-06-11,522.8457641601562,1.0764262676239014,67332.03125,214.1499938964844,3498.33056640625
2024-06-12,527.1398315429688,1.07403302192688,68241.1875,214.72000122070312,3559.61767578125
2024-06-13,528.2012939453125,1.0813149213790894,66756.3984375,212.97000122070312,3469.28125
2024-06-14,528.522705078125,1.0738831758499146,66011.09375,215.72999572753903,3480.27197265625
2024-06-17,532.7291259765625,1.0702168941497805,66490.296875,214.61000061035156,3511.37890625
2024-06-18,534.0826416015625,1.0740677118301392,65140.74609375,215.47000122070312,3483.681396484375
2024-06-20,532.6317749023438,1.0751532316207886,64828.65625,218.16000366210935,3511.0869140625
2024-06-21,531.9176635742188,1.0706409215927124,64096.19921875,214.77999877929688,3516.07568359375
2024-06-24,530.1885375976562,1.0687757730484009,60277.4140625,215.6300048828125,3350.25634765625
2024-06-25,532.2302856445312,1.0732723474502563,61804.640625,214.55999755859375,3395.029052734375
2024-06-26,532.8945922851562,1.0709619522094729,60811.27734375,212.5800018310547,3369.477294921875
2024-06-27,533.7346801757812,1.068010926246643,61604.80078125,214.9900054931641,3444.800537109375
2024-06-28,531.6343994140625,1.0708472728729248,60320.13671875,215.0099945068359,3373.635986328125
2024-07-01,532.728515625,1.0735257863998413,62851.98046875,215.57000732421875,3440.341552734375
2024-07-02,536.3135986328125,1.0737102031707764,62029.015625,215.55999755859375,3416.354736328125
2024-07-03,538.70703125,1.0748412609100342,60173.921875,217.9900054931641,3292.916748046875
2024-07-05,541.8134765625,1.0810693502426147,56662.375,220.92999267578125,2981.5986328125
2024-07-08,542.4386596679688,1.082602620124817,56705.09765625,218.19000244140625,3018.73193359375
2024-07-09,542.9662475585938,1.0830950736999512,58009.2265625,218.55999755859375,3064.032958984375
2024-07-10,548.3389282226562,1.0814785957336426,57742.49609375,219.36000061035156,3102.21875
2024-07-11,543.61083984375,1.083329677581787,57344.9140625,223.25,3100.330810546875
2024-07-12,547.0397338867188,1.0872756242752075,57899.46484375,223.11000061035156,3134.15869140625
2024-07-15,548.5440673828125,1.0885539054870603,64870.15234375,223.8300018310547,3489.552734375
2024-07-16,551.797119140625,1.0901559591293335,65097.1484375,228.2899932861328,3443.513427734375
2024-07-17,544.0602416992188,1.0902509689331057,64118.79296875,227.22999572753903,3388.75244140625
2024-07-18,539.8792114257812,1.094020128250122,63974.06640625,225.77999877929688,3426.258544921875
2024-07-19,536.2940673828125,1.0901559591293335,66710.15625,221.72999572753903,3505.73486328125
2024-07-22,541.8232421875,1.0899182558059692,67585.25,221.8000030517578,3440.419921875
2024-07-23,540.973388671875,1.0889805555343628,65927.671875,222.5800018310547,3481.995849609375
2024-07-24,528.713623046875,1.0850694179534912,65372.1328125,221.8000030517578,3336.33935546875
2024-07-25,525.958740234375,1.0839520692825315,65777.2265625,218.3300018310547,3174.42724609375
2024-07-26,531.8493041992188,1.0851283073425293,67912.0625,220.6300048828125,3275.951416015625
2024-07-29,532.1619262695312,1.0853756666183472,66819.9140625,220.32000732421875,3320.539306640625
2024-07-30,529.4658203125,1.081946611404419,66201.015625,222.52000427246097,3278.667724609375
2024-07-31,538.072021484375,1.081607222557068,64619.25,226.5500030517578,3231.295654296875
2024-08-01,530.452392578125,1.082391619682312,65357.5,225.77000427246097,3201.564453125
2024-08-02,520.5762329101562,1.078760266304016,61415.06640625,225.33999633789065,2986.01318359375
2024-08-05,505.4151916503906,1.0910836458206177,53991.45703125,222.47999572753903,2417.206298828125
2024-08-06,510.0748291015625,1.0950982570648191,56034.31640625,220.6999969482422,2458.723876953125
2024-08-07,506.66552734375,1.0926215648651123,55027.4609375,220.5500030517578,2336.58935546875
2024-08-08,518.3782348632812,1.0928125381469729,61710.13671875,224.0099945068359,2683.352783203125
2024-08-09,520.6640625,1.0915720462799072,60880.11328125,224.55999755859375,2599.5986328125
2024-08-12,520.937744140625,1.091381311416626,59354.515625,228.41000366210935,2724.431884765625
2024-08-13,529.5047607421875,1.0936251878738403,60609.56640625,228.05999755859375,2703.671875
2024-08-14,531.1752319335938,1.0996986627578735,58737.26953125,226.1999969482422,2662.914794921875
2024-08-15,540.27978515625,1.101321578025818,57560.09765625,226.91000366210935,2570.087646484375
2024-08-16,541.4910278320312,1.0972732305526731,58894.10546875,231.9900054931641,2593.1865234375
2024-08-19,546.66845703125,1.1024993658065796,59493.453125,231.61000061035156,2637.306396484375
2024-08-20,545.7794799804688,1.1086474657058716,59012.79296875,232.4600067138672,2573.10693359375
2024-08-21,547.6551513671875,1.112792730331421,61175.19140625,232.1499938964844,2631.3955078125
2024-08-22,543.35693359375,1.115536093711853,60381.9140625,229.3699951171875,2622.951416015625
2024-08-23,549.1302490234375,1.111716389656067,64094.35546875,232.02000427246097,2764.447021484375
2024-08-26,547.8212890625,1.118793487548828,62880.66015625,232.7599945068359,2681.340576171875
2024-08-27,548.573486328125,1.1164700984954834,59504.1328125,233.38999938964844,2458.7265625
2024-08-28,545.3887939453125,1.117793083190918,59027.625,231.75,2528.41552734375
2024-08-29,545.4375610351562,1.1124955415725708,59388.1796875,232.9499969482422,2528.792724609375
2024-08-30,550.6444091796875,1.10804545879364,59119.4765625,231.2899932861328,2525.822021484375
2024-09-03,539.312744140625,1.1067456007003784,57431.0234375,230.2899932861328,2420.603759765625
2024-09-04,538.2088623046875,1.1048868894577026,57971.5390625,230.42999267578125,2448.97705078125
2024-09-05,536.8997802734375,1.10804545879364,56160.48828125,232.3500061035156,2367.737548828125
2024-09-06,527.8636474609375,1.1111111640930176,53948.75390625,230.6300048828125,2223.87646484375
2024-09-09,533.773681640625,1.1087212562561035,57019.53515625,231.6000061035156,2358.482177734375
2024-09-10,536.0986938476562,1.1037527322769165,57648.7109375,232.6199951171875,2389.5810546875
2024-09-11,541.5985107421875,1.1020983457565308,57343.171875,232.25,2339.841552734375
2024-09-12,546.1605224609375,1.1010911464691162,58127.01171875,236.3300018310547,2361.78173828125
2024-09-13,549.012939453125,1.1077877283096311,60571.30078125,238.67999267578125,2441.607177734375
2024-09-16,549.8237915039062,1.1088441610336304,58192.5078125,238.66000366210935,2295.28369140625
2024-09-17,550.0485229492188,1.1129536628723145,60308.5390625,237.33999633789065,2341.707763671875
2024-09-18,548.4171752929688,1.1123099327087402,61649.6796875,235.5099945068359,2369.72900390625
2024-09-19,557.7755126953125,1.1114816665649414,62940.45703125,239.1699981689453,2464.752197265625
2024-09-20,556.8114013671875,1.1161960363388062,63192.9765625,242.2100067138672,2561.072021484375
2024-09-23,558.2026977539062,1.1160838603973389,63329.80078125,242.67999267578125,2648.54638671875
2024-09-24,559.7999877929688,1.111172795295715,64301.96875,246.07000732421875,2654.35498046875
2024-09-25,558.5652465820312,1.1191190481185913,63143.14453125,245.72999572753903,2579.388671875
2024-09-26,560.77978515625,1.1131023168563845,65181.01953125,246.97999572753903,2632.199951171875
2024-09-27,559.966552734375,1.117717981338501,65790.6640625,245.02000427246097,2695.900634765625
2024-09-30,562.2103271484375,1.1169815063476562,63329.5,243.05999755859375,2603.062744140625
2024-10-01,557.1738891601562,1.113660216331482,60837.0078125,245.61000061035156,2448.921142578125
2024-10-02,557.4090576171875,1.1063904762268066,60632.78515625,245.66000366210935,2365.231689453125
2024-10-03,556.3900146484375,1.1048502922058103,60759.40234375,245.4900054931641,2349.791259765625
2024-10-04,561.4461669921875,1.103557825088501,62067.4765625,245.0,2414.7939453125
2024-10-07,556.370361328125,1.0974539518356323,62236.66015625,244.1699981689453,2421.796630859375
2024-10-08,561.63232421875,1.0975743532180786,62131.96875,242.3699951171875,2439.8408203125
2024-10-09,565.5224609375,1.0975743532180786,60582.1015625,241.0500030517578,2368.283447265625
2024-10-10,564.5327758789062,1.0943313837051392,60274.5,242.82000732421875,2383.85791015625
2024-10-11,567.9132690429688,1.0933860540390017,62445.08984375,245.47000122070312,2436.513427734375
2024-10-14,572.557861328125,1.0925379991531372,66046.125,245.07000732421875,2628.89990234375
2024-10-15,568.1093139648438,1.0909169912338257,67041.109375,245.9199981689453,2606.02197265625
2024-10-16,570.5785522460938,1.0884116888046265,67612.71875,247.1499938964844,2611.10205078125
2024-10-17,570.6275024414062,1.0862481594085691,67399.8359375,248.6300048828125,2604.2734375
2024-10-18,572.8224487304688,1.0829542875289917,68418.7890625,251.27000427246097,2641.55224609375
2024-10-21,571.8816528320312,1.0868619680404663,67367.8515625,251.22000122070312,2665.712158203125
2024-10-22,571.5779418945312,1.0817828178405762,67361.40625,253.92999267578125,2620.197509765625
2024-10-23,566.355224609375,1.079727053642273,66432.1953125,250.8699951171875,2509.098876953125
2024-10-24,567.5802001953125,1.0780508518218994,68161.0546875,252.8000030517578,2534.49853515625
2024-10-25,567.3840942382812,1.0824151039123535,66642.4140625,253.32000732421875,2435.93408203125
2024-10-28,569.13818359375,1.0796570777893066,69907.7578125,253.3300018310547,2565.34814453125
2024-10-29,570.0592651367188,1.0816774368286133,72720.4921875,256.0899963378906,2637.95751953125
2024-10-30,568.3346557617188,1.0820636749267578,72339.5390625,257.5,2657.37255859375
2024-10-31,557.1934814453125,1.085917830467224,70215.1875,253.5099945068359,2515.79931640625
2024-11-01,559.545166015625,1.0886130332946775,69482.46875,252.47000122070312,2511.885498046875
2024-11-04,558.33984375,1.087453007698059,67811.5078125,252.8300018310547,2397.0263671875
2024-11-05,565.0913696289062,1.0874056816101074,69359.5625,253.3999938964844,2422.650634765625
2024-11-06,579.142578125,1.093445897102356,75639.078125,245.6999969482422,2724.169189453125
2024-11-07,583.6206665039062,1.073306918144226,75904.859375,249.6499938964844,2895.58544921875
2024-11-08,586.148681640625,1.0795172452926636,76545.4765625,247.9600067138672,2962.296630859375
2024-11-11,586.7072143554688,1.0714898109436035,88701.484375,242.13999938964844,3374.81298828125
2024-11-12,584.8846435546875,1.066439151763916,87955.8125,240.0500030517578,3246.25732421875
2024-11-13,585.1687622070312,1.061672568321228,90584.1640625,237.6300048828125,3192.595947265625
2024-11-14,581.4061279296875,1.0564124584197998,87250.4296875,237.0099945068359,3058.94873046875
2024-11-15,573.9591064453125,1.0530084371566772,91066.0078125,236.58999633789065,3103.04052734375
2024-11-18,576.310791015625,1.0533745288848877,90542.640625,241.08999633789065,3207.8564453125
2024-11-19,578.4174194335938,1.059490442276001,92343.7890625,243.25,3111.384033203125
2024-11-20,578.6134643554688,1.0607603788375854,94339.4921875,244.6199951171875,3072.18798828125
2024-11-21,581.7196655273438,1.0546187162399292,98504.7265625,246.66000366210935,3361.053955078125
2024-11-22,583.5225830078125,1.0469341278076172,98997.6640625,249.83999633789065,3331.600830078125
2024-11-25,585.5018920898438,1.0479873418807983,93102.296875,242.47999572753903,3413.5439453125
2024-11-26,588.5592041015625,1.0444300174713137,91985.3203125,242.9499969482422,3326.517333984375
2024-11-27,586.7758178710938,1.0491198301315308,95962.53125,243.4900054931641,3657.249267578125
2024-11-29,590.4208984375,1.0563008785247805,97461.5234375,245.58999633789065,3593.494384765625
2024-12-02,591.4791870117188,1.0545074939727783,95865.3046875,243.44000244140625,3644.198486328125
2024-12-03,591.7534790039062,1.0501223802566528,96002.1640625,243.92999267578125,3620.711669921875
2024-12-04,595.427978515625,1.0510826110839844,98768.53125,244.6699981689453,3841.3310546875
2024-12-05,594.4481201171875,1.051414132118225,96593.5703125,242.86000061035156,3811.00830078125
2024-12-06,595.5750122070312,1.058559536933899,99920.7109375,242.9499969482422,4005.810546875
2024-12-09,592.5079345703125,1.056546330451965,97432.71875,245.36000061035156,3718.6904296875
2024-12-10,590.6658325195312,1.0555204153060913,96675.4296875,248.58999633789065,3631.833740234375
2024-12-11,595.2321166992188,1.0532968044281006,101173.03125,250.9600067138672,3832.822021484375
2024-12-12,592.1651000976562,1.0506850481033323,100043.0,247.27999877929688,3883.1015625
2024-12-13,592.0474853515625,1.0474056005477903,101459.2578125,244.2899932861328,3911.205322265625
2024-12-16,594.5755004882812,1.051005244255066,106029.71875,244.8800048828125,3987.48095703125
2024-12-17,592.1259155273438,1.0517348051071167,106140.6015625,243.94000244140625,3886.76611328125
2024-12-18,574.4783935546875,1.0495051145553589,100041.5390625,239.2599945068359,3618.791259765625
2024-12-19,574.302001953125,1.0350252389907837,97490.953125,239.6000061035156,3417.927978515625
2024-12-20,581.199951171875,1.0364949703216553,97755.9296875,242.1000061035156,3472.553466796875
2024-12-23,584.6803588867188,1.0433076620101929,94686.2421875,240.9600067138672,3415.785400390625
2024-12-24,591.1791381835938,1.0405826568603516,98676.09375,241.44000244140625,3492.0498046875
2024-12-26,591.2184448242188,1.0399551391601562,95795.515625,243.07000732421875,3331.225830078125
2024-12-27,584.9949951171875,1.0423181056976318,94164.859375,241.3999938964844,3328.9169921875
2024-12-30,578.3192749023438,1.0429377555847168,92643.2109375,240.6300048828125,3356.392578125
2024-12-31,576.2152099609375,1.040615200996399,93429.203125,242.1300048828125,3332.53173828125
2025-01-02,574.7996215820312,1.0351860523223877,96886.875,245.4199981689453,3451.392578125
2025-01-03,581.9865112304688,1.0268205404281616,98107.4296875,243.4900054931641,3605.009765625
2025-01-06,585.339111328125,1.030534744262695,102078.0859375,243.19000244140625,3688.611328125
2025-01-07,578.7223510742188,1.0386372804641724,96922.703125,244.55999755859375,3381.577392578125
2025-01-08,579.5678100585938,1.034554123878479,95043.5234375,245.86000061035156,3326.329345703125
2025-01-10,570.7192993164062,1.0297601222991943,94701.453125,248.2100067138672,3267.489990234375
2025-01-13,571.604248046875,1.0244431495666504,94516.5234375,245.7400054931641,3135.499755859375
2025-01-14,572.3907470703125,1.026525378227234,96534.046875,247.02999877929688,3223.6845703125
2025-01-15,582.8025512695312,1.030683517456055,100504.4921875,248.8800048828125,3450.53759765625
2025-01-16,581.6817626953125,1.0295268297195437,99756.90625,250.6000061035156,3308.34521484375
2025-01-17,587.5217895507812,1.0301949977874756,104462.0390625,249.27000427246097,3474.107177734375
2025-01-21,592.899658203125,1.0420682430267334,106146.265625,253.1300048828125,3327.40625
2025-01-22,596.2326049804688,1.040593504905701,103653.0703125,254.42999267578125,3240.224609375
2025-01-23,599.48681640625,1.0410159826278689,103960.171875,254.07000732421875,3334.714111328125
2025-01-24,597.73681640625,1.041601538658142,104819.484375,255.6499938964844,3309.554931640625
2025-01-27,589.2815551757812,1.0467586517333984,102087.6875,252.9900054931641,3178.92041015625
2025-01-28,594.344970703125,1.0445064306259155,101332.4765625,255.17999267578125,3077.112548828125
2025-01-29,591.6804809570312,1.04290509223938,103703.2109375,254.1999969482422,3112.9990234375
2025-01-30,594.8561401367188,1.0425245761871338,104735.3046875,258.04998779296875,3247.780029296875
2025-01-31,591.6903076171875,1.0397279262542725,102405.0234375,258.55999755859375,3298.26513671875
2025-02-03,587.70849609375,1.024779200553894,101405.421875,259.94000244140625,2884.566650390625
2025-02-04,591.6510620117188,1.0327378511428833,97871.8203125,262.5,2735.05126953125
2025-02-05,594.0498657226562,1.0372798442840576,96615.4453125,264.1300048828125,2787.779052734375
2025-02-06,596.1145629882812,1.0400848388671875,96593.296875,263.42999267578125,2688.40087890625
2025-02-07,590.6580810546875,1.0385725498199463,96529.0859375,263.8999938964844,2622.211181640625
2025-02-10,594.6692504882812,1.0311616659164429,97437.5546875,268.3699951171875,2661.166748046875
2025-02-11,595.1216430664062,1.0301525592803955,95747.4296875,267.3900146484375,2602.781982421875
2025-02-12,593.2044677734375,1.0364949703216553,97885.859375,267.6700134277344,2736.902099609375
2025-02-13,599.4671630859375,1.039198637008667,96623.8671875,270.30999755859375,2675.902587890625
2025-02-14,599.437744140625,1.0461673736572266,97508.96875,266.2900085449219,2726.091552734375
2025-02-18,601.1976318359375,1.048536777496338,95539.546875,270.70001220703125,2669.3388671875
2025-02-19,602.6133422851562,1.044833779335022,96635.609375,270.8500061035156,2715.77099609375
2025-02-20,600.1062622070312,1.0421009063720703,98333.9375,270.989990234375,2740.386474609375
2025-02-21,589.8419189453125,1.050056219100952,96125.546875,270.739990234375,2659.655517578125
2025-02-24,587.157958984375,1.0474823713302612,91418.171875,272.2099914550781,2513.8212890625
2025-02-25,584.2379760742188,1.0461344718933103,88736.171875,268.6199951171875,2493.592529296875
2025-02-26,584.5328369140625,1.0524100065231323,84347.0234375,269.0299987792969,2331.45263671875
2025-02-27,575.2025756835938,1.0488777160644531,84704.2265625,264.92999267578125,2305.484375
2025-02-28,584.1790161132812,1.039511799812317,84373.0078125,263.2699890136719,2237.9052734375
2025-03-03,573.944091796875,1.0413846969604492,86065.671875,266.739990234375,2145.573974609375
2025-03-04,567.1504516601562,1.0485037565231323,87222.1953125,269.05999755859375,2170.01513671875
2025-03-05,573.24609375,1.062699317932129,90623.5625,269.6199951171875,2241.977294921875
2025-03-06,563.0703125,1.0794938802719116,89961.7265625,268.25,2202.476806640625
2025-03-07,566.2262573242188,1.0787951946258545,86742.671875,268.3900146484375,2138.987548828125
2025-03-10,551.14453125,1.086059331893921,78532.0,266.0400085449219,1861.1513671875
2025-03-11,546.5628662109375,1.0839403867721558,82862.2109375,269.1600036621094,1919.844970703125
2025-03-12,549.4632568359375,1.0914170742034912,83722.359375,270.3299865722656,1908.982666015625
2025-03-13,542.1386108398438,1.0886249542236328,81066.703125,275.1300048828125,1862.9696044921875
2025-03-14,553.3369140625,1.085564136505127,83969.1015625,275.239990234375,1909.467529296875
2025-03-17,557.6038818359375,1.0881274938583374,84075.6875,276.7300109863281,1927.0029296875
2025-03-18,551.5770874023438,1.091917634010315,82718.5,279.9599914550781,1932.54345703125
2025-03-19,557.584228515625,1.093948245048523,86854.2265625,281.1099853515625,2057.7490234375
2025-03-20,555.9718627929688,1.0911908149719238,84167.1953125,280.75,1982.099853515625
2025-03-21,556.1552734375,1.0856702327728271,84043.2421875,278.489990234375,1964.8475341796875
2025-03-24,566.115234375,1.083576202392578,87498.9140625,277.25,2077.47900390625
2025-03-25,567.4759521484375,1.0803569555282593,87471.703125,278.4700012207031,2067.76416015625
2025-03-26,560.7013549804688,1.0787487030029297,86900.8828125,278.239990234375,2009.1893310546875
2025-03-27,559.2123413085938,1.0742061138153076,87177.1015625,281.9700012207031,2002.357421875
2025-03-28,547.95068359375,1.080100178718567,84353.1484375,284.05999755859375,1895.5029296875
2025-03-31,551.6289672851562,1.082391619682312,82548.9140625,288.1400146484375,1823.47998046875
2025-04-01,553.18701171875,1.0818880796432495,85169.171875,287.57000732421875,1905.491455078125
2025-04-02,556.6878051757812,1.0795987844467163,82485.7109375,288.1600036621094,1795.313232421875
2025-04-03,529.2537841796875,1.090869426727295,83102.828125,286.4200134277344,1815.63720703125
2025-04-04,498.2696838378906,1.1043744087219238,83843.8046875,279.7200012207031,1815.335205078125
2025-04-07,497.3822021484375,1.098454475402832,79235.3359375,273.7099914550781,1555.240966796875
2025-04-08,489.5917663574219,1.0915361642837524,76271.953125,275.20001220703125,1472.5531005859375
2025-04-09,541.0084228515625,1.0980443954467771,82573.953125,285.3800048828125,1668.0400390625
2025-04-10,517.3018798828125,1.0952062606811523,79626.140625,292.3500061035156,1522.518798828125
2025-04-11,526.531982421875,1.1257838010787964,83404.8359375,297.92999267578125,1567.1497802734375
2025-04-14,531.64013671875,1.1343141794204712,84542.390625,296.2300109863281,1622.7698974609375
2025-04-15,530.151123046875,1.1339668035507202,83668.9921875,297.7799987792969,1588.6324462890625
2025-04-16,518.3668823242188,1.1292672157287598,84033.8671875,307.4700012207031,1578.1053466796875
2025-04-17,519.1064453125,1.1396790742874146,84895.75,306.1199951171875,1582.54833984375
2025-04-22,519.9348754882812,1.1512778997421265,93441.890625,311.1099853515625,1757.3316650390625
2025-04-23,527.9915161132812,1.1351252794265747,93699.109375,303.6499938964844,1796.104248046875
2025-04-24,539.105224609375,1.132733702659607,93943.796875,308.07000732421875,1769.8316650390625
2025-04-25,543.0003051757812,1.1371906995773315,94720.5,304.7300109863281,1786.634521484375
2025-04-28,543.2073974609375,1.1343141794204712,94978.75,309.07000732421875,1798.851806640625
2025-04-29,546.6292724609375,1.1409143209457395,94284.7890625,306.05999755859375,1799.1756591796875
2025-04-30,546.84619140625,1.1389262676239014,94207.3125,303.7699890136719,1793.775390625
2025-05-01,550.7216186523438,1.1324899196624756,96492.3359375,297.4599914550781,1839.2215576171875
2025-05-02,558.8966674804688,1.1296498775482178,96910.0703125,297.9800109863281,1842.7078857421875
2025-05-05,555.6918334960938,1.1323232650756836,94748.0546875,306.8800048828125,1819.697509765625
2025-05-06,551.0470581054688,1.1313369274139404,96802.4765625,315.4800109863281,1815.0875244140625
2025-05-07,553.364501953125,1.1342755556106567,97032.3203125,310.75,1811.606689453125
2025-05-08,557.2202758789062,1.1306205987930298,103241.4609375,304.6300048828125,2206.5146484375
2025-05-09,556.5103149414062,1.122422695159912,102970.8515625,306.8399963378906,2345.50732421875
2025-05-12,574.9015502929688,1.12296462059021,102812.953125,298.19000244140625,2496.397705078125
2025-05-13,578.6981811523438,1.1095577478408811,104169.8125,299.4599914550781,2680.129638671875
2025-05-14,579.437744140625,1.1185556650161743,103539.4140625,293.1600036621094,2610.063232421875
2025-05-15,582.2678833007812,1.1181930303573608,103744.640625,297.8399963378906,2546.85693359375
2025-05-16,585.9560546875,1.1192693710327148,103489.2890625,294.239990234375,2536.297607421875
2025-05-19,586.5969848632812,1.1187559366226196,105606.1796875,298.0299987792969,2529.166748046875
2025-05-20,584.6246948242188,1.123342990875244,106791.0859375,303.5799865722656,2524.173095703125
2025-05-21,574.7733154296875,1.128795504570007,109678.078125,305.82000732421875,2552.34716796875
2025-05-22,575.000244140625,1.133118748664856,111673.28125,303.1099853515625,2664.156982421875
2025-05-23,571.0753173828125,1.1281843185424805,107287.796875,309.75,2526.44189453125
2025-05-27,582.9483032226562,1.1388484239578247,108994.640625,304.5,2663.06982421875
2025-05-28,579.5757446289062,1.1337097883224487,107802.328125,303.80999755859375,2682.212890625
2025-05-29,581.8635864257812,1.123368263244629,105641.7578125,305.6099853515625,2632.65478515625
2025-05-30,581.2127075195312,1.1378376483917236,103998.5703125,303.6000061035156,2529.943603515625
2025-06-02,584.4867553710938,1.1353315114974976,105881.53125,311.6700134277344,2607.097412109375
2025-06-03,587.8197631835938,1.1453442573547363,105432.46875,308.9100036621094,2593.2802734375
2025-06-04,587.6619873046875,1.1384464502334597,104731.984375,310.8999938964844,2608.64306640625
2025-06-05,584.8218994140625,1.1422044038772583,101575.953125,309.3299865722656,2416.28564453125
2025-06-06,590.8275146484375,1.1453834772109983,104390.34375,305.17999267578125,2477.19482421875
2025-06-09,591.3599243164062,1.1407841444015503,110294.1015625,306.6199951171875,2681.51708984375
2025-06-10,594.7127685546875,1.1428048610687256,110257.234375,306.7099914550781,2813.517578125
2025-06-11,593.0166015625,1.143746018409729,108686.625,308.3699951171875,2773.529296875
2025-06-12,595.3734741210938,1.1509333848953247,105929.0546875,312.20001220703125,2651.795166015625
2025-06-13,588.7171630859375,1.1600254774093628,106090.96875,316.2900085449219,2579.486083984375
2025-06-16,594.318359375,1.1556684970855713,106796.7578125,311.7799987792969,2540.60498046875
2025-06-17,589.2398681640625,1.1551345586776731,104601.1171875,311.94000244140625,2510.761474609375
2025-06-18,589.1510620117188,1.1482638120651243,104883.328125,310.260009765625,2524.301513671875
2025-06-20,587.7674560546875,1.1512778997421265,103309.6015625,310.1300048828125,2407.30419921875
2025-06-23,593.572998046875,1.1500862836837769,105577.7734375,311.0799865722656,2421.824951171875
2025-06-24,600.13037109375,1.1599044799804688,106045.6328125,306.19000244140625,2448.0087890625
2025-06-25,600.4666748046875,1.161224365234375,107361.2578125,307.1199951171875,2419.310302734375
2025-06-26,605.1646118164062,1.1683744192123413,106960.0,306.7799987792969,2416.146728515625
2025-06-27,608.1713256835938,1.1692214012145996,107088.4296875,301.2200012207031,2423.866943359375
2025-06-30,611.0790405273438,1.1727453470230105,107135.3359375,304.8299865722656,2486.46435546875
2025-07-01,610.88134765625,1.178717017173767,105698.28125,307.54998779296875,2405.792724609375
2025-07-02,613.650634765625,1.180553913116455,108859.3203125,309.25,2571.33544921875
2025-07-03,618.487060546875,1.18002450466156,109647.9765625,307.1400146484375,2591.00732421875
2025-07-07,613.8780517578125,1.178078293800354,108299.8515625,307.3699951171875,2543.01318359375
2025-07-08,613.5418090820312,1.1736538410186768,108950.2734375,304.1600036621094,2615.505859375
2025-07-09,617.2210083007812,1.1724566221237185,111326.5546875,305.5199890136719,2770.777587890625
2025-07-10,618.9617309570312,1.17311692237854,115987.203125,306.20001220703125,2954.84521484375
2025-07-11,616.7858276367188,1.1702749729156494,117516.9921875,309.1400146484375,2957.88623046875
2025-07-14,617.9627685546875,1.1682106256484983,119849.703125,308.010009765625,3013.350830078125
2025-07-15,615.3220825195312,1.1666297912597656,117777.1875,306.7300109863281,3139.8896484375
2025-07-16,617.3792724609375,1.160739183425903,118738.5078125,308.260009765625,3371.5068359375
2025-07-17,621.1574096679688,1.1635754108428955,119289.84375,307.5899963378906,3476.784423828125
2025-07-18,620.7024536132812,1.161548137664795,118003.2265625,308.3900146484375,3549.016357421875
2025-07-21,621.87939453125,1.163074612617493,117439.5390625,313.1300048828125,3763.371337890625
2025-07-22,621.9684448242188,1.1694538593292236,119995.4140625,316.1000061035156,3749.1455078125
2025-07-23,627.2598266601562,1.1739156246185305,118754.9609375,312.17999267578125,3629.70361328125
2025-07-24,627.4674682617188,1.1774264574050903,118368.0,310.2699890136719,3708.005615234375
2025-07-25,630.1181030273438,1.1756131649017334,117635.8828125,307.3999938964844,3727.266845703125
2025-07-28,629.9598999023438,1.1756821870803833,117924.4765625,305.4100036621094,3787.42578125
2025-07-29,628.29833984375,1.1596757173538208,117922.1484375,306.25,3793.454833984375
2025-07-30,627.5070190429688,1.1550945043563845,117831.1875,300.9599914550781,3808.20166015625
2025-07-31,625.1531372070312,1.1429355144500732,115758.203125,302.9599914550781,3696.707763671875
2025-08-01,614.9066162109375,1.142374038696289,113320.0859375,309.1099853515625,3488.365966796875
2025-08-04,624.2530517578125,1.158668041229248,115071.8828125,310.9100036621094,3718.986083984375
2025-08-05,621.0881958007812,1.1584129333496094,114141.4453125,311.1600036621094,3611.8994140625
2025-08-06,625.845458984375,1.1579166650772097,115028.0,310.5,3683.920654296875
2025-08-07,625.3212890625,1.1663167476654053,117496.8984375,313.1199951171875,3914.325927734375
2025-08-08,630.1972045898438,1.1676650047302246,116688.7265625,313.04998779296875,4009.848876953125
2025-08-11,628.9510498046875,1.1647952795028689,118731.4453125,308.54998779296875,4226.966796875
2025-08-12,635.6469116210938,1.1618449687957764,120172.90625,308.2699890136719,4590.9248046875
2025-08-13,637.82275390625,1.1677058935165403,123344.0625,309.2099914550781,4756.27587890625
2025-08-14,637.882080078125,1.171289324760437,118359.578125,307.25,4548.16650390625
2025-08-15,636.3886108398438,1.1651345491409302,117398.3515625,307.42999267578125,4439.98876953125
2025-08-18,636.2501831054688,1.1706587076187134,116252.3125,306.95001220703125,4312.5048828125
2025-08-19,632.7984008789062,1.1668338775634766,112831.1796875,305.2699890136719,4073.464111328125
2025-08-20,631.116943359375,1.164252758026123,114274.7421875,308.3599853515625,4334.50048828125
2025-08-21,628.5850830078125,1.165175199508667,112419.03125,307.2900085449219,4223.2099609375
2025-08-22,638.2381591796875,1.16130530834198,116874.0859375,310.5799865722656,4831.3486328125
2025-08-25,635.4292602539062,1.1709601879119873,110124.3515625,309.8299865722656,4372.98779296875
2025-08-26,638.0897827148438,1.1618449687957764,111802.65625,312.0799865722656,4600.4267578125
2025-08-27,639.543701171875,1.1639411449432373,111222.0625,312.7099914550781,4503.39306640625
2025-08-28,641.80859375,1.1647952795028689,112544.8046875,315.0299987792969,4507.177734375
2025-08-29,637.9810180664062,1.1681560277938845,108410.8359375,318.07000732421875,4360.15283203125
2025-09-02,633.2533569335938,1.1715912818908691,111200.5859375,325.5899963378906,4325.36572265625
2025-09-03,636.6853637695312,1.163602590560913,111723.2109375,328.1400146484375,4450.38916015625
2025-09-04,642.0064086914062,1.16604483127594,110723.6015625,326.69000244140625,4298.744140625
2025-09-05,640.1469116210938,1.165691375732422,110650.984375,331.04998779296875,4306.98876953125
2025-09-08,641.7196655273438,1.1713168621063232,112071.4296875,334.82000732421875,4308.072265625
2025-09-09,643.2031860351562,1.1769136190414429,111530.546875,334.05999755859375,4309.04150390625
2025-09-10,645.0625,1.1702749729156494,113955.359375,335.260009765625,4349.14599609375
2025-09-11,650.4231567382812,1.1703435182571411,115507.5390625,334.760009765625,4461.2333984375
2025-09-12,650.2054443359375,1.1734747886657717,116101.578125,335.4200134277344,4715.24609375
2025-09-15,653.6671752929688,1.1726491451263428,115444.875,338.9100036621094,4526.8203125
2025-09-16,652.7671508789062,1.1763737201690674,116843.1875,339.5899963378906,4503.564453125
2025-09-17,651.9561157226562,1.1871408224105835,116468.5078125,336.9700012207031,4592.7333984375
2025-09-18,655.0023803710938,1.1826341152191162,117137.203125,335.6199951171875,4589.9189453125
2025-09-19,658.2465209960938,1.1791062355041504,115688.859375,339.17999267578125,4470.9169921875
2025-09-22,661.3607177734375,1.173695087432861,112748.5078125,345.04998779296875,4202.87744140625
2025-09-23,657.7606201171875,1.1801080703735352,112014.5,346.4599914550781,4165.50390625
2025-09-24,655.6678466796875,1.181446552276611,113328.6328125,343.32000732421875,4153.46923828125
2025-09-25,652.6429443359375,1.1744670867919922,109049.2890625,344.75,3868.333984375
2025-09-26,656.3820190429688,1.166275978088379,109712.828125,346.739990234375,4035.887939453125
2025-09-29,658.2266845703125,1.170823097229004,114400.3828125,352.4599914550781,4217.341796875
2025-09-30,660.7061157226562,1.1731443405151367,114056.0859375,355.4700012207031,4145.95751953125
2025-10-01,662.95751953125,1.1735849380493164,118648.9296875,356.0299987792969,4351.1123046875
2025-10-02,663.7210693359375,1.1734058856964111,120681.2578125,354.7900085449219,4487.923828125
2025-10-03,663.7112426757812,1.1725116968154907,122266.53125,357.6400146484375,4514.87060546875
2025-10-06,666.0914916992188,1.171248197555542,124752.53125,364.3800048828125,4687.771484375
2025-10-07,663.6219482421875,1.171028733253479,121451.3828125,366.260009765625,4451.15185546875
2025-10-08,667.5791625976562,1.1654603481292725,123354.8671875,372.2999877929687,4527.64794921875
2025-10-09,665.6452026367188,1.1631964445114136,121705.5859375,365.4299926757813,4369.1435546875
2025-10-10,647.6542358398438,1.156644344329834,113214.3671875,369.1199951171875,3843.0087890625
2025-10-13,657.5919189453125,1.160240888595581,115271.078125,378.0899963378906,4245.4677734375
2025-10-14,656.78857421875,1.1566845178604126,113118.6640625,380.7900085449219,4125.412109375
2025-10-15,659.7044677734375,1.1602274179458618,110783.1640625,387.3900146484375,3987.45947265625
2025-10-16,655.211669921875,1.1646324396133425,108186.0390625,396.4500122070313,3894.75439453125
2025-10-17,658.9308471679688,1.1699601411819458,106467.7890625,388.989990234375,3832.558837890625
2025-10-20,665.7840576171875,1.165745735168457,110588.9296875,403.1499938964844,3980.76025390625
2025-10-21,665.7740478515625,1.164442539215088,108476.890625,377.239990234375,3876.76416015625
2025-10-22,662.3128051757812,1.160038948059082,107688.5859375,377.2799987792969,3808.122314453125
2025-10-23,666.2402954101562,1.1608469486236572,110069.7265625,378.7900085449219,3856.0263671875
2025-10-24,671.6851806640625,1.1618045568466189,111033.921875,377.5199890136719,3934.5673828125
2025-10-27,679.6094970703125,1.1631693840026855,114119.328125,367.010009765625,4120.1220703125
2025-10-28,681.41455078125,1.165175199508667,112956.1640625,364.3800048828125,3982.262451171875
2025-10-29,681.7418212890625,1.1657865047454834,110055.3046875,363.0,3903.35302734375
2025-10-30,674.2439575195312,1.1603351831436155,108305.546875,370.1300048828125,3804.375244140625
2025-10-31,676.4556274414062,1.157246708869934,109556.1640625,368.1199951171875,3847.080322265625
2025-11-03,677.7251586914062,1.152804255485535,106547.5234375,368.7799987792969,3602.30810546875
2025-11-04,669.6917114257812,1.1519144773483276,101590.5234375,362.3200073242187,3292.574462890625
2025-11-05,672.012451171875,1.1485539674758911,103891.8359375,366.510009765625,3425.171142578125
2025-11-06,664.8021850585938,1.1496764421463013,101301.2890625,366.0700073242187,3312.2578125
2025-11-07,665.4567260742188,1.1549211740493774,103372.40625,368.30999755859375,3435.301025390625
2025-11-10,675.8407592773438,1.1543878316879272,105996.59375,378.3800048828125,3568.4599609375
2025-11-11,677.3878784179688,1.1557220220565796,102997.46875,379.8699951171875,3415.2822265625
2025-11-12,677.7647705078125,1.1587486267089844,101663.1875,385.989990234375,3413.09423828125
2025-11-13,666.5179443359375,1.159218668937683,99697.4921875,382.8699951171875,3232.757080078125
2025-11-14,666.408935546875,1.1631964445114136,94397.7890625,375.9599914550781,3103.78564453125
2025-11-17,660.2003173828125,1.161534547805786,92093.875,371.6499938964844,3024.538818359375
2025-11-18,654.6563110351562,1.159057378768921,92948.875,374.3500061035156,3122.97900390625
2025-11-19,657.1853637695312,1.1581177711486816,91465.9921875,374.9599914550781,3023.07080078125
2025-11-20,647.1683349609375,1.154068112373352,86631.8984375,374.8500061035156,2831.777587890625
2025-11-21,653.6149291992188,1.1534557342529297,85090.6875,374.2699890136719,2765.69921875
2025-11-24,663.235107421875,1.1507612466812134,88270.5625,380.2000122070313,2952.71337890625
2025-11-25,669.4734497070312,1.1520073413848877,87341.890625,380.0799865722656,2957.936279296875
2025-11-26,674.09521484375,1.156483769416809,90518.3671875,383.1199951171875,3027.81201171875
2025-11-28,677.7747192382812,1.1599851846694946,90919.265625,387.8800048828125,3032.304443359375
2025-12-01,674.6803588867188,1.1601465940475464,86321.5703125,389.75,2800.18896484375
2025-12-02,675.9300537109375,1.1607661247253418,91350.203125,387.239990234375,2997.939697265625
2025-12-03,678.2706298828125,1.1627906560897827,93527.8046875,386.8800048828125,3191.57177734375
2025-12-04,678.7664794921875,1.1666841506958008,92141.625,387.1300048828125,3134.31640625
2025-12-05,680.0557861328125,1.1642799377441406,89387.7578125,386.44000244140625,3024.432861328125
2025-12-08,678.0127563476562,1.164022445678711,90640.203125,385.4200134277344,3125.197998046875
2025-12-09,677.427490234375,1.1641442775726318,92691.7109375,387.3999938964844,3321.114990234375
2025-12-10,681.92041015625,1.1628313064575195,92020.9453125,389.0499877929687,3325.39013671875
2025-12-11,683.5072021484375,1.1701242923736572,92511.3359375,393.239990234375,3237.056884765625
2025-12-12,676.1580810546875,1.1739431619644165,90270.4140625,395.44000244140625,3084.172607421875
2025-12-15,675.1365356445312,1.1737639904022217,86419.78125,395.7999877929687,2964.18310546875
2025-12-16,673.2918701171875,1.1754610538482666,87843.984375,395.8900146484375,2964.180908203125
2025-12-17,665.8832397460938,1.1749500036239624,86143.7578125,399.2900085449219,2831.403564453125
2025-12-18,670.9114990234375,1.1742326021194458,85462.5078125,398.5700073242187,2827.069091796875
2025-12-19,676.9923095703125,1.1725666522979736,88103.3828125,399.0199890136719,2977.970703125
2025-12-22,681.2098999023438,1.1708093881607056,88490.015625,408.2300109863281,3006.07373046875
2025-12-23,684.3233032226562,1.1765950918197632,87414.0,413.6400146484375,2963.3740234375
2025-12-24,686.7305297851562,1.179551362991333,87611.9609375,411.9299926757813,2945.590576171875
2025-12-26,686.660888671875,1.1785364151000977,87301.4296875,416.739990234375,2925.74560546875
2025-12-29,684.2138671875,1.177273869514465,87138.140625,398.6000061035156,2934.538330078125
2025-12-30,683.3783569335938,1.1772878170013428,88430.1328125,398.8900146484375,2971.416748046875
2025-12-31,678.3152465820312,1.1747292280197144,87508.828125,396.30999755859375,2967.03759765625
2026-01-02,679.55859375,1.175046682357788,89944.6953125,398.2799987792969,3124.422607421875
2026-01-05,684.0845336914062,1.1704667806625366,93882.5546875,408.760009765625,3226.13037109375
2026-01-06,688.1529541015625,1.1714951992034912,93729.03125,413.1799926757813,3295.94677734375
2026-01-07,685.9347534179688,1.1688251495361328,91308.0546875,409.2300109863281,3166.843994140625
2026-01-08,685.8651123046875,1.1676785945892334,91027.125,411.489990234375,3104.382568359375
2026-01-09,690.4010009765625,1.1657865047454834,90513.1015625,414.4700012207031,3083.047119140625
2026-01-12,691.4852294921875,1.1623716354370115,91192.9921875,422.2300109863281,3092.3251953125
2026-01-13,690.1026000976562,1.1666978597640991,95321.78125,421.6300048828125,3322.095458984375
2026-01-14,686.7106323242188,1.164252758026123,96929.328125,425.94000244140625,3354.72265625
2026-01-15,688.5806884765625,1.1646324396133425,95551.1875,423.3299865722656,3317.101318359375
2026-01-16,688.0037231445312,1.1609008312225342,95525.1171875,421.2900085449219,3295.482177734375
2026-01-20,673.9981689453125,1.1639139652252195,88310.90625,437.2300109863281,2935.605712890625
2026-01-21,681.77685546875,1.1727865934371948,89376.9609375,443.6000061035156,2978.901123046875
2026-01-22,685.3379516601562,1.1672970056533811,89462.453125,451.7900085449219,2949.63330078125
2026-01-23,685.5865478515625,1.1754610538482666,89503.875,458.0,2953.25634765625
2026-01-26,689.0680541992188,1.1858457326889038,88267.140625,464.7000122070313,2926.45703125
2026-01-27,691.8134765625,1.1876484155654907,89102.5703125,476.1000061035156,3022.2109375
2026-01-28,691.7438354492188,1.2017642259597778,89184.5703125,494.55999755859375,3006.607421875
2026-01-29,690.3711547851562,1.1977769136428833,84561.5859375,495.8999938964844,2818.232666015625
2026-01-30,688.3120727539062,1.19657301902771,84128.65625,444.9500122070313,2702.375244140625
2026-02-02,691.7339477539062,1.1849182844161987,78688.765625,427.1300048828125,2344.356689453125
2026-02-03,685.885009765625,1.1798714399337769,75633.546875,454.2900085449219,2227.558837890625
2026-02-04,682.5626831054688,1.1816140413284302,73019.703125,453.9700012207031,2143.504150390625
2026-02-05,674.0379638671875,1.180163860321045,62702.09765625,441.8800048828125,1821.68310546875
2026-02-06,686.96923828125,1.177786946296692,70555.390625,455.4599914550781,2063.386962890625
2026-02-09,690.2816772460938,1.182578206062317,70120.78125,467.0299987792969,2103.567626953125
2026-02-10,688.4613037109375,1.1904053688049316,68793.9609375,462.3999938964844,2019.4974365234375
2026-02-11,688.3021850585938,1.1889617443084717,66991.96875,467.6300048828125,1940.621337890625
2026-02-12,677.668701171875,1.1876062154769895,66221.84375,451.3900146484375,1946.940673828125
2026-02-13,678.1461181640625,1.1868449449539185,68857.84375,462.6199951171875,2048.52734375
2026-02-17,679.2402954101562,1.184988498687744,67494.21875,448.2000122070313,1992.1943359375
2026-02-18,682.662109375,1.185185194015503,66425.3203125,458.2799987792969,1953.97412109375
2026-02-19,680.8616333007812,1.1788839101791382,66957.5234375,459.55999755859375,1948.2010498046875
2026-02-20,685.7855834960938,1.1769136190414429,68005.421875,468.6199951171875,1969.0223388671875
2026-02-23,678.7827758789062,1.1834739446640017,64616.73828125,481.2799987792969,1855.5028076171875
2026-02-24,683.7164916992188,1.1793843507766724,64080.04296875,474.6099853515625,1852.969482421875
2026-02-25,689.4859008789062,1.1775233745574951,67960.125,473.4200134277344,2054.6279296875
2026-02-26,685.6561889648438,1.181516408920288,67453.7734375,477.4800109863281,2026.7926025390625
2026-02-27,682.3637084960938,1.1803030967712402,65881.796875,483.75,1930.7618408203125
2026-03-02,682.751708984375,1.1759449243545532,68775.8515625,490.0,2027.2689208984375
2026-03-03,676.7337036132812,1.169727444648743,68293.6484375,468.1400146484375,1982.7689208984375
2026-03-04,681.5082397460938,1.161224365234375,72710.578125,471.7999877929687,2126.50537109375
2026-03-05,677.70849609375,1.1635618209838867,70841.125,466.1300048828125,2071.60546875
2026-03-06,668.82568359375,1.1608065366744995,68136.4921875,473.510009765625,1978.751220703125
2026-03-09,674.6845703125,1.152325987815857,68402.3828125,472.5299987792969,1992.938232421875
2026-03-10,673.6002807617188,1.161723494529724,69926.921875,477.8599853515625,2037.1204833984375
2026-03-11,672.7548217773438,1.1611299514770508,70204.8828125,476.239990234375,2051.5732421875
2026-03-12,662.5390625,1.1543211936950684,70493.4609375,466.8800048828125,2073.13623046875
2026-03-13,658.7890014648438,1.1521666049957275,70968.265625,460.8399963378906,2092.5634765625
2026-03-16,665.493408203125,1.1435105800628662,74861.0859375,460.4299926757813,2351.176025390625
2026-03-17,667.2440185546875,1.1499539613723757,73922.4765625,459.2699890136719,2318.053466796875
2026-03-18,657.9335327148438,1.153948187828064,71245.578125,444.739990234375,2203.671630859375
2026-03-19,656.3121948242188,1.1464471817016602,69912.7890625,426.4100036621094,2137.423828125
2026-03-20,646.9034423828125,1.157755732536316,70522.5859375,413.3800048828125,2146.4970703125
2026-03-23,653.6959228515625,1.1560158729553225,70914.859375,404.0400085449219,2152.14599609375
2026-03-24,651.5015869140625,1.1607122421264648,70517.859375,404.1300048828125,2155.704345703125
2026-03-25,655.1322021484375,1.16146719455719,71309.8828125,416.2900085449219,2168.021484375
2026-03-26,643.432373046875,1.1561496257781982,68791.625,400.6400146484375,2059.578369140625
2026-03-27,632.4606323242188,1.1535090208053589,66338.375,414.7000122070313,1991.27197265625
2026-03-30,630.3460693359375,1.149200677871704,66691.4453125,414.5799865722656,2023.514892578125
2026-03-31,648.6688842773438,1.1460003852844238,68233.3125,430.2900085449219,2104.708251953125
2026-04-01,653.5562744140625,1.1574207544326782,68078.5546875,437.8200073242187,2138.737060546875
2026-04-02,654.144775390625,1.159057378768921,66888.5703125,429.4100036621094,2056.8525390625
2026-04-06,657.23681640625,1.150999665260315,68859.828125,427.6499938964844,2107.761474609375
2026-04-07,657.5260009765625,1.1541212797164917,71940.703125,431.80999755859375,2241.806640625
2026-04-08,674.27294921875,1.1686612367630005,71123.359375,434.5299987792969,2190.33544921875
2026-04-09,678.162841796875,1.16593599319458,71767.828125,437.9100036621094,2189.14404296875
2026-04-10,677.7140502929688,1.1691256761550903,72979.046875,437.1300048828125,2245.148681640625
2026-04-13,684.3369750976562,1.1675150394439695,74484.640625,435.3599853515625,2370.71484375
2026-04-14,692.675537109375,1.176885962486267,74181.609375,445.0899963378906,2323.30859375
2026-04-15,698.1414184570312,1.179940938949585,74805.078125,440.4599914550781,2359.43701171875
2026-04-16,699.8569946289062,1.1809163093566897,75152.1328125,440.0799865722656,2348.64501953125
2026-04-17,708.3152465820312,1.178272724151611,77126.875,445.9299926757813,2421.07177734375
2026-04-20,706.8988037109375,1.174122333526611,75872.5234375,442.0899963378906,2315.21240234375
2026-04-21,702.2708129882812,1.1784392595291138,76352.7734375,429.5700073242187,2327.970458984375
2026-04-22,709.3825073242188,1.174425721168518,78203.1015625,435.260009765625,2376.088134765625
2026-04-23,706.6295776367188,1.1706037521362305,78268.953125,431.0400085449219,2331.513916015625
2026-04-24,712.10546875,1.16838800907135,77455.3125,433.25,2315.690185546875
2026-04-27,713.332275390625,1.1706448793411257,77366.625,429.8900146484375,2303.06396484375
2026-04-28,709.8612060546875,1.1723467111587524,76350.671875,421.9100036621094,2289.419677734375
2026-04-29,709.7515258789062,1.171783447265625,75776.1328125,417.4100036621094,2253.415771484375
2026-04-30,716.8132934570312,1.168470025062561,76304.3203125,423.6600036621094,2256.251220703125
2026-05-01,718.7982177734375,1.172910451889038,78179.0,423.1799926757813,2295.09375
2026-05-04,716.1649780273438,1.1726628541946411,79827.90625,414.7099914550781,2346.39697265625
2026-05-05,721.9102172851562,1.1691941022872925,80927.0546875,418.2699890136719,2361.1826171875
2026-05-06,731.9443359375,1.1715774536132812,81427.53125,430.9599914550781,2350.802001953125
2026-05-07,729.7001342773438,1.1747430562973022,80009.9921875,431.6799926757813,2291.107666015625
2026-05-08,735.724609375,1.1731581687927246,80186.765625,433.7699890136719,2306.97216796875
2026-05-11,737.4002685546875,1.176885962486267,81728.296875,434.6499938964844,2339.36083984375
2026-05-12,736.2831420898438,1.177994966506958,80477.4921875,432.9299926757813,2274.6435546875
2026-05-13,740.4025268554688,1.1735436916351318,79277.1171875,430.5,2257.576416015625
2026-05-14,746.2474975585938,1.1716049909591677,81051.25,427.2099914550781,2280.934814453125
2026-05-15,737.2706298828125,1.166208028793335,79065.6796875,417.2900085449219,2223.328857421875
2026-05-18,736.751953125,1.161440134048462,76954.171875,418.4299926757813,2128.51611328125
2026-05-19,731.8446044921875,1.1655147075653076,76750.90625,411.5,2109.9638671875
2026-05-20,739.3452758789062,1.1607122421264648,77457.7734375,417.3999938964844,2126.9833984375
2026-05-21,740.8114624023438,1.1625338792800903,77539.171875,416.989990234375,2131.41064453125
2026-05-22,743.7239990234375,1.1621150970458984,75488.2421875,413.8200073242187,2064.636962890625
2026-05-26,748.6613159179688,1.1637378931045532,75825.734375,414.0,2070.858154296875
2026-05-27,748.5316162109375,1.1636837720870972,74344.703125,408.489990234375,2022.1982421875
2026-05-28,752.6609497070312,1.16179096698761,73536.5546875,412.7699890136719,2007.552734375
2026-05-29,754.5361328125,1.1652837991714478,73372.5234375,417.1199951171875,2011.978515625
2026-06-01,756.5908203125,1.164890170097351,71319.7734375,411.260009765625,2003.22119140625
2026-06-02,757.6182250976562,1.1635483503341677,66703.65625,411.9500122070313,1857.71630859375
2026-06-03,752.3018798828125,1.1622096300125122,64014.3671875,407.8699951171875,1811.7322998046875
2026-06-04,755.1445922851562,1.160941243171692,63801.57421875,411.2699890136719,1769.58056640625
2026-06-05,735.65478515625,1.1612648963928225,60922.66796875,396.239990234375,1580.86083984375
2026-06-08,737.3204345703125,1.1522595882415771,63090.58984375,397.2699890136719,1690.1485595703125
2026-06-09,735.1560668945312,1.1528440713882446,61643.78125,390.7799987792969,1637.7066650390625
2026-06-10,723.56591796875,1.1535356044769287,61449.2890625,374.5799865722656,1620.1376953125
2026-06-11,735.8642578125,1.1535621881484983,63561.0546875,386.3200073242187,1672.2806396484375
2026-06-12,739.843994140625,1.157594919204712,63543.19921875,386.5400085449219,1665.1278076171875
2026-06-15,752.890380859375,1.1603081226348877,66289.5,396.5499877929687,1794.961181640625
2026-06-16,748.4019775390625,1.1594202518463137,65600.640625,397.6300048828125,1790.398193359375
2026-06-17,739.0560302734375,1.1609952449798584,64418.4453125,388.6000061035156,1747.885498046875
2026-06-18,746.739990234375,1.150734782218933,62896.47265625,387.1199951171875,1709.533447265625
2026-06-22,744.3900146484375,1.146276354789734,63952.10546875,384.5899963378906,1726.5108642578125
2026-06-23,733.5800170898438,1.1427135467529297,62668.01953125,377.3200073242187,1665.436767578125
2026-06-24,733.239990234375,1.1379542350769043,60995.1328125,365.9200134277344,1619.9249267578125
2026-06-25,734.2999877929688,1.1354217529296875,59721.67578125,369.4599914550781,1564.816650390625
2026-06-26,728.989990234375,1.1361699104309082,60016.4296875,373.6300048828125,1576.6160888671875
2026-06-29,741.0,1.1385631561279297,60138.37890625,368.5799865722656,1610.205810546875
2026-06-30,746.77001953125,1.1422044038772583,58558.859375,368.3800048828125,1569.5838623046875
2026-07-01,745.760009765625,1.1413310766220093,60003.7578125,370.6000061035156,1608.960693359375
2026-07-02,744.780029296875,1.13779878616333,61485.30078125,378.1300048828125,1698.16943359375
2026-07-06,751.280029296875,1.1437721252441406,63995.015625,382.1300048828125,1797.57373046875
2026-07-07,747.7100219726562,1.144177794456482,63297.39453125,377.489990234375,1768.511474609375
2026-07-08,745.4000244140625,1.140380859375,62257.57421875,374.4500122070313,1742.6776123046875
2026-07-09,751.7100219726562,1.1422044038772583,63193.1484375,378.1799926757813,1744.484619140625
2026-07-10,754.9500122070312,1.1433405876159668,64127.140625,377.010009765625,1795.6932373046875
2026-07-13,749.1699829101562,1.1404459476470947,62239.12109375,367.1300048828125,1773.500732421875
2026-07-14,751.8300170898438,1.1384334564208984,64956.11328125,372.1499938964844,1889.4798583984375
2026-07-15,754.8099975585938,1.1424654722213743,64712.375,372.3500061035156,1916.9437255859375
2026-07-16,750.719970703125,1.1470258235931396,63789.28125,364.9599914550781,1863.193359375
2026-07-17,743.2899780273438,1.1444659233093262,63899.4609375,368.4100036621094,1840.9881591796875
2026-07-20,742.0900268554688,1.142765760421753,65230.02734375,367.6000061035156,1903.7589111328125
2026-07-21,748.280029296875,1.1418131589889526,66505.125,374.80999755859375,1928.3837890625
2026-07-22,747.4099731445312,1.140380859375,66100.796875,379.1199951171875,1933.4901123046875
2026-07-23,738.1799926757812,1.1411746740341189,65044.8125,371.5199890136719,1877.1002197265625
2026-07-24,738.9299926757812,1.137682318687439,64098.49609375,371.8999938964844,1860.1767578125
2026-07-27,739.0900268554688,1.1394972801208496,63724.8984375,374.6300048828125,1890.613525390625
2026-07-28,740.8599853515625,1.1369450092315674,63871.36328125,369.3699951171875,1919.948486328125
2026-07-29,729.4600219726562,1.1386538743972778,63908.16796875,371.0799865722656,1908.51904296875
2026-07-30,741.6900024414062,1.1467232704162598,64725.30859375,377.1600036621094,1917.3729248046875
2026-07-31,747.030029296875,1.1523525714874268,62813.74609375,371.5400085449219,1860.345947265625
2026-08-03,757.6699829101562,1.154401183128357,63460.8984375,371.7099914550781,1858.2564697265625
2026-08-04,771.3300170898438,1.150734782218933,64055.953125,374.1600036621094,1868.3858642578125
2026-08-05,769.7899780273438,1.153242826461792,64597.5,389.6400146484375,1906.5260009765625
2026-08-06,768.5599975585938,1.1557353734970093,64262.11328125,389.6700134277344,1902.0574951171875
2026-08-07,773.260009765625,1.1524720191955566,64880.19140625,398.4700012207031,1913.2794189453125
2026-08-10,773.030029296875,1.155641794204712,63910.5859375,402.5400085449219,1871.2786865234375
2026-08-11,770.5599975585938,1.1546411514282229,63551.875,400.9599914550781,1881.37353515625
2026-08-12,772.489990234375,1.1543744802474976,63402.43359375,404.9200134277344,1878.135009765625
2026-08-13,777.8800048828125,1.1530035734176636,63402.171875,398.9599914550781,1883.9913330078125
2026-08-14,776.3400268554688,1.1535356044769287,62975.59375,401.4800109863281,1880.6500244140625
2026-08-17,772.6699829101562,1.1573940515518188,64506.25390625,405.489990234375,1912.2021484375
2026-08-18,767.4500122070312,1.1582788228988647,64680.7109375,398.5499877929687,1916.4595947265625
2026-08-19,769.0599975585938,1.1579434871673584,69266.1875,413.8399963378906,2251.4580078125
2026-08-20,762.5999755859375,1.1673787832260132,73032.7578125,415.260009765625,2326.384765625
2026-08-21,765.719970703125,1.1687841415405271,78335.1875,423.3599853515625,2515.28173828125
2026-08-24,763.469970703125,1.1681560277938845,78964.484375,426.69000244140625,2481.831298828125
2026-08-25,765.9099731445312,1.1668338775634766,78564.9765625,428.0700073242187,2443.159423828125
2026-08-26,766.0800170898438,1.1674741506576538,79027.421875,421.3200073242187,2506.260986328125
2026-08-27,771.0999755859375,1.1654876470565796,80257.5390625,422.6000061035156,2510.41015625
2026-08-28,769.3499755859375,1.1656370162963867,77830.2890625,408.8900146484375,2442.535888671875
2026-08-31,767.0499877929688,1.1588962078094482,78548.6328125,408.4200134277344,2466.8203125
2026-09-01,761.780029296875,1.1617640256881714,77403.625,396.75,2417.842041015625
2026-09-02,765.1599731445312,1.1595547199249268,77300.4765625,402.7799987792969,2391.5009765625
2026-09-03,773.1699829101562,1.1585336923599243,81271.7421875,410.2200012207031,2508.020751953125
2026-09-04,770.1900024414062,1.1628313064575195,79671.96875,406.7699890136719,2456.078125
2026-09-08,765.9600219726562,1.1627637147903442,78438.578125,399.7200012207031,2484.94140625
2026-09-09,762.4000244140625,1.1627366542816162,78259.5234375,403.3500061035156,2466.913818359375
2026-09-10,757.8300170898438,1.1633858680725098,76568.125,396.3599853515625,2437.0986328125
2026-09-11,764.2899780273438,1.1609952449798584,77173.796875,398.7699890136719,2514.73388671875
2026-09-14,760.8800048828125,1.1593934297561646,78163.3828125,392.8399963378906,2514.406982421875
